2026-05-15 16:52:15,671 [INFO] Eletrofrio Alarm Poller iniciando — intervalo=60s
2026-05-15 16:52:15,680 [INFO] Adding job tentatively -- it will be properly scheduled when the scheduler starts
2026-05-15 16:52:15,680 [INFO] [JOB] Iniciando polling — 2026-05-15T16:52:15.680340
2026-05-15 16:52:17,516 [INFO] [ENQUEUE] reason=new alarmeId=4178551 dispositivo=BTA 2A - CF Congelados loja=Gravatá (30)
2026-05-15 16:52:17,516 [INFO] [ENQUEUE] reason=new alarmeId=4178684 dispositivo=BTA 3A - CF Congelados loja=Gravatá (30)
2026-05-15 16:52:17,517 [INFO] [ENQUEUE] reason=new alarmeId=4178698 dispositivo=BTA 2B - C.F CONGELADOS loja=COMPER 99 
2026-05-15 16:52:17,517 [INFO] [ENQUEUE] reason=new alarmeId=4178955 dispositivo=BTA 1A - C.F. CONGELADOS loja=Paulistão Campinas Loja 305
2026-05-15 16:52:17,517 [INFO] [ENQUEUE] reason=new alarmeId=4178956 dispositivo=BTA 1B - C.F. CONGELADOS loja=Paulistão Campinas Loja 305
2026-05-15 16:52:17,517 [INFO] [ENQUEUE] reason=new alarmeId=4178991 dispositivo=BTA-1C - Step-in loja=Bongi (30)
2026-05-15 16:52:17,517 [INFO] [ENQUEUE] reason=new alarmeId=4179020 dispositivo=BTA-1B - STEP IN loja=Fort 290 - Biguaçu - SCS
2026-05-15 16:52:17,517 [INFO] [ENQUEUE] reason=new alarmeId=4179044 dispositivo=6 - MTA 2I - C.F. Frios loja=Comper 104 - Cuiabá - MT
2026-05-15 16:52:17,517 [INFO] [ENQUEUE] reason=new alarmeId=4179066 dispositivo=BTA-3A - C.F. CONG. loja=Fort 290 - Biguaçu - SCS
2026-05-15 16:52:17,518 [INFO] [ENQUEUE] reason=new alarmeId=4179114 dispositivo=UC BTC loja=LEVE ALIMENTOS 
2026-05-15 16:52:17,518 [INFO] [ENQUEUE] reason=new alarmeId=4179119 dispositivo=MTA-4D MANIPULAÇÃO 04 loja=CD Santa Lucia
2026-05-15 16:52:17,518 [INFO] [ENQUEUE] reason=new alarmeId=4179122 dispositivo=Câmara Cong. PDQ loja=CD
2026-05-15 16:52:17,518 [INFO] [ENQUEUE] reason=new alarmeId=4179136 dispositivo=MTA 1U - C.F. CARNES loja=IMIGRANTES ( PORTO VELHO - RO )
2026-05-15 16:52:17,518 [INFO] [ENQUEUE] reason=new alarmeId=4179155 dispositivo=BTA 2C - C.F CONGELADOS loja=COMPER 99 
2026-05-15 16:52:17,518 [INFO] [ENQUEUE] reason=new alarmeId=4179183 dispositivo=11 - MTA 2F/2G - WALK IN COOLER REF. loja=Paulistão Ribeirão Preto Loja 306
2026-05-15 16:52:17,518 [INFO] [ENQUEUE] reason=new alarmeId=4149138 dispositivo=QUADRO MASTER loja=IMIGRANTES ( PORTO VELHO - RO )
2026-05-15 16:52:17,518 [INFO] [ENQUEUE] reason=new alarmeId=4149139 dispositivo=QUADRO MASTER loja=IMIGRANTES ( PORTO VELHO - RO )
2026-05-15 16:52:17,518 [INFO] [ENQUEUE] reason=new alarmeId=4147274 dispositivo=INVERSOR UC BTC loja=Extrabom - Serra Sede - ES
2026-05-15 16:52:17,518 [INFO] [ENQUEUE] reason=new alarmeId=4147275 dispositivo=INVERSOR UC BTA loja=Extrabom - Serra Sede - ES
2026-05-15 16:52:17,518 [INFO] [ENQUEUE] reason=new alarmeId=4147273 dispositivo=INVERSOR UC BTB loja=Extrabom - Serra Sede - ES
2026-05-15 16:52:17,519 [INFO] [ENQUEUE] reason=new alarmeId=4150447 dispositivo=HIGHPACK 03 - COMPRESSOR 02 loja=IMIGRANTES ( PORTO VELHO - RO )
2026-05-15 16:52:17,519 [INFO] [ENQUEUE] reason=new alarmeId=4147280 dispositivo=RACK DE BOMBAS loja=Fort 170 - Vila Celia - MSN
2026-05-15 16:52:17,519 [INFO] [ENQUEUE] reason=new alarmeId=4160108 dispositivo=RACK DE BOMBAS loja=Fort 170 - Vila Celia - MSN
2026-05-15 16:52:17,519 [INFO] [ENQUEUE] reason=new alarmeId=4161970 dispositivo=UC BTC loja=Extrabom - Serra Sede - ES
2026-05-15 16:52:17,519 [INFO] [ENQUEUE] reason=new alarmeId=4149671 dispositivo=RACK MT loja=CD Santa Lucia
2026-05-15 16:52:17,519 [INFO] [ENQUEUE] reason=new alarmeId=4150408 dispositivo=RACK BT loja=CD Santa Lucia
2026-05-15 16:52:17,519 [INFO] [ENQUEUE] reason=new alarmeId=4162205 dispositivo=RACK MT loja=CD Santa Lucia
2026-05-15 16:52:17,519 [INFO] [ENQUEUE] reason=new alarmeId=4162204 dispositivo=RACK MT loja=CD Santa Lucia
2026-05-15 16:52:17,520 [INFO] [ENQUEUE] reason=new alarmeId=4160036 dispositivo=BTA-1Ca - Ilha Congelados loja=Campo de Santana
2026-05-15 16:52:17,520 [INFO] [ENQUEUE] reason=new alarmeId=4170991 dispositivo=RACK DE BOMBAS loja=Fort 170 - Vila Celia - MSN
2026-05-15 16:52:17,520 [INFO] [ENQUEUE] reason=new alarmeId=4170990 dispositivo=RACK RESFRIADOS MT loja=Fort 170 - Vila Celia - MSN
2026-05-15 16:52:17,520 [INFO] [ENQUEUE] reason=new alarmeId=4171026 dispositivo=BTA 1Ab - STEP IN FREEZER loja=Fort 170 - Vila Celia - MSN
2026-05-15 16:52:17,520 [INFO] [ENQUEUE] reason=new alarmeId=4166101 dispositivo=1R3-A - Exp. Embalados loja=Colônia
2026-05-15 16:52:17,520 [INFO] [ENQUEUE] reason=new alarmeId=4173593 dispositivo=RACK CONGELADOS BT loja=Fort 170 - Vila Celia - MSN
2026-05-15 16:52:17,520 [INFO] [ENQUEUE] reason=new alarmeId=4175727 dispositivo=RACK CONGELADOS BT loja=Fort 170 - Vila Celia - MSN
2026-05-15 16:52:17,520 [INFO] [ENQUEUE] reason=new alarmeId=4170853 dispositivo=RACK MTA loja=Tibiriça Loja 61
2026-05-15 16:52:17,520 [INFO] [ENQUEUE] reason=new alarmeId=4170854 dispositivo=RACK MTA loja=Tibiriça Loja 61
2026-05-15 16:52:17,520 [INFO] [ENQUEUE] reason=new alarmeId=4170852 dispositivo=RACK MTA loja=Tibiriça Loja 61
2026-05-15 16:52:17,521 [INFO] [ENQUEUE] reason=new alarmeId=4133815 dispositivo=RACK BTA loja=Arco Verde (30)
2026-05-15 16:52:17,521 [INFO] [ENQUEUE] reason=new alarmeId=4177451 dispositivo=BTA-2A - CF. Congelados loja=Bongi (30)
2026-05-15 16:52:17,521 [INFO] [ENQUEUE] reason=new alarmeId=4177123 dispositivo=RACK MTA loja=Fort 145 - Florianópolis - SCS
2026-05-15 16:52:17,521 [INFO] [ENQUEUE] reason=new alarmeId=4177124 dispositivo=RACK BTA loja=Fort 145 - Florianópolis - SCS
2026-05-15 16:52:17,521 [INFO] [ENQUEUE] reason=new alarmeId=4177552 dispositivo=BTA 1B - C.F. CONGELADOS loja=Fort 170 - Vila Celia - MSN
2026-05-15 16:52:17,521 [INFO] [ENQUEUE] reason=new alarmeId=4175190 dispositivo=BTA 2B - C.F. CONGELADOS loja=Fort 170 - Vila Celia - MSN
2026-05-15 16:52:17,521 [INFO] [ENQUEUE] reason=new alarmeId=4178224 dispositivo=CA-1A Cong. Expedição loja=CD
2026-05-15 16:52:17,521 [INFO] [ENQUEUE] reason=new alarmeId=4178232 dispositivo=RACK DESCARGA ÚNICA loja=Sítio Cercado
2026-05-15 16:52:17,522 [INFO] [ENQUEUE] reason=new alarmeId=4177319 dispositivo=BTC1A - CF Congelados - UC01 loja=Uberaba
2026-05-15 16:52:17,522 [INFO] [ENQUEUE] reason=new alarmeId=4177424 dispositivo=BTA 1A - C.F. CONGELADOS loja=Paulistão  Barretos Loja 302
2026-05-15 16:52:17,522 [INFO] [ENQUEUE] reason=new alarmeId=4177578 dispositivo=BTA 2B - C.F. CONGELADOS FRIOS loja=Sumare Loja 58
2026-05-15 16:52:17,522 [INFO] [ENQUEUE] reason=new alarmeId=4177594 dispositivo=BTA 1B - C.F. CONGELADOS CARNES loja=Sumare Loja 58
2026-05-15 16:52:17,522 [INFO] [ENQUEUE] reason=new alarmeId=4178016 dispositivo=RACK CONGELADOS BT loja=Fort 170 - Vila Celia - MSN
2026-05-15 16:52:17,522 [INFO] [ENQUEUE] reason=new alarmeId=4178636 dispositivo=MTA-4F DOCA loja=CD Santa Lucia
2026-05-15 16:52:17,522 [INFO] [ENQUEUE] reason=new alarmeId=4178650 dispositivo=MTA-4E DOCA loja=CD Santa Lucia
2026-05-15 16:52:17,522 [INFO] [ENQUEUE] reason=new alarmeId=4178594 dispositivo=BTA 2C - C.F. CONGELADOS AÇOUGUE loja=Parque Verde
2026-05-15 16:52:17,523 [INFO] [ENQUEUE] reason=new alarmeId=4178610 dispositivo=RACK BTA loja=Parque Verde
2026-05-15 16:52:17,523 [INFO] [ENQUEUE] reason=new alarmeId=4178587 dispositivo=8 - MTA-2H - C.F. PREPARO HORTI-FRUTI loja=LEVE ALIMENTOS 
2026-05-15 16:52:17,523 [INFO] [ENQUEUE] reason=new alarmeId=4178729 dispositivo=BTA 3B - C.F CONGELADOS loja=Arco Verde (30)
2026-05-15 16:52:17,523 [INFO] [ENQUEUE] reason=new alarmeId=4178749 dispositivo=BTA 2B - C.F CONGELADOS loja=Arco Verde (30)
2026-05-15 16:52:17,523 [INFO] [ENQUEUE] reason=new alarmeId=4176926 dispositivo=Sinal de Vida loja=Paulistão Araraquara Loja 301
2026-05-15 16:52:17,523 [INFO] [ENQUEUE] reason=new alarmeId=4178752 dispositivo=BTA 3A - C.F CONGELADOS loja=Arco Verde (30)
2026-05-15 16:52:17,523 [INFO] [ENQUEUE] reason=new alarmeId=4178774 dispositivo=BTA 2A - CF CONGELADOS loja=Arco Verde (30)
2026-05-15 16:52:17,523 [INFO] [ENQUEUE] reason=new alarmeId=4178972 dispositivo=MTA-1A C.F. RESFRIADOS (1) loja=CD Santa Lucia
2026-05-15 16:52:17,523 [INFO] [ENQUEUE] reason=new alarmeId=4178764 dispositivo=BTA 1Bb - EXP. CONGELADOS (VHIC-18 T) loja=Parque Verde
2026-05-15 16:52:17,524 [INFO] [ENQUEUE] reason=new alarmeId=4178823 dispositivo=BTA 2A - C.F FRIOS CONGELADOS loja=Leme Loja 52
2026-05-15 16:52:17,524 [INFO] [ENQUEUE] reason=new alarmeId=4178891 dispositivo=BTA 1Ec - EXP. CONGELADOS (VHY-18) loja=Parque Verde
2026-05-15 16:52:17,524 [INFO] [ENQUEUE] reason=new alarmeId=4178890 dispositivo=BTA 1Cb - EXP. CONGELADOS (VHIC-18 T) loja=Parque Verde
2026-05-15 16:52:17,524 [INFO] [ENQUEUE] reason=new alarmeId=4178892 dispositivo=BTA 1Eb - EXP. CONGELADOS (VHY-18) loja=Parque Verde
2026-05-15 16:52:17,524 [INFO] [ENQUEUE] reason=new alarmeId=4178895 dispositivo=Cam. Embalagem loja=CD
2026-05-15 16:52:17,524 [INFO] [ENQUEUE] reason=new alarmeId=4178905 dispositivo=BTA 2A - C.F. TROCAS loja=Parque Verde
2026-05-15 16:52:17,524 [INFO] [ENQUEUE] reason=new alarmeId=4178371 dispositivo=BTA-2C - C. F. Congelados loja=Campo de Santana
2026-05-15 16:52:17,524 [INFO] [ENQUEUE] reason=new alarmeId=4178372 dispositivo=BTA-2D - C. F. Congelados loja=Campo de Santana
2026-05-15 16:52:17,524 [INFO] [ENQUEUE] reason=new alarmeId=4179182 dispositivo=MTA-4A C.F. AVARIAS loja=CD Santa Lucia
2026-05-15 16:52:17,524 [INFO] [JOB] Concluído em 1.84s — total=72 new=72 status_changed=0 duplicate=0 | fila=72
2026-05-15 16:52:17,526 [INFO] Added job "polling_job" to job store "default"
2026-05-15 16:52:17,526 [INFO] Scheduler started
2026-05-15 16:53:15,681 [INFO] Running job "polling_job (trigger: interval[0:01:00], next run at: 2026-05-15 16:53:15 -03)" (scheduled at 2026-05-15 16:53:15.680093-03:00)
2026-05-15 16:53:15,682 [INFO] [JOB] Iniciando polling — 2026-05-15T16:53:15.682052
2026-05-15 16:53:17,495 [INFO] [ENQUEUE] reason=status_changed alarmeId=4179044 dispositivo=6 - MTA 2I - C.F. Frios loja=Comper 104 - Cuiabá - MT
2026-05-15 16:53:17,495 [INFO] [ENQUEUE] reason=status_changed alarmeId=4179020 dispositivo=BTA-1B - STEP IN loja=Fort 290 - Biguaçu - SCS
2026-05-15 16:53:17,496 [INFO] [ENQUEUE] reason=status_changed alarmeId=4179066 dispositivo=BTA-3A - C.F. CONG. loja=Fort 290 - Biguaçu - SCS
2026-05-15 16:53:17,496 [INFO] [JOB] Concluído em 1.81s — total=72 new=0 status_changed=3 duplicate=69 | fila=75
2026-05-15 16:53:17,496 [INFO] Job "polling_job (trigger: interval[0:01:00], next run at: 2026-05-15 16:54:15 -03)" executed successfully
2026-05-15 16:54:15,702 [INFO] Serviço encerrado.
2026-05-15 16:54:26,984 [INFO] Eletrofrio Alarm Poller iniciando — intervalo=60s
2026-05-15 16:54:26,987 [INFO] Adding job tentatively -- it will be properly scheduled when the scheduler starts
2026-05-15 16:54:26,987 [INFO] [JOB] Iniciando polling — 2026-05-15T16:54:26.987684
2026-05-15 16:54:28,811 [INFO] [ENQUEUE] reason=new alarmeId=4178551 dispositivo=BTA 2A - CF Congelados loja=Gravatá (30)
2026-05-15 16:54:28,812 [INFO] [ENQUEUE] reason=new alarmeId=4178684 dispositivo=BTA 3A - CF Congelados loja=Gravatá (30)
2026-05-15 16:54:28,812 [INFO] [ENQUEUE] reason=new alarmeId=4178698 dispositivo=BTA 2B - C.F CONGELADOS loja=COMPER 99 
2026-05-15 16:54:28,812 [INFO] [ENQUEUE] reason=new alarmeId=4178956 dispositivo=BTA 1B - C.F. CONGELADOS loja=Paulistão Campinas Loja 305
2026-05-15 16:54:28,812 [INFO] [ENQUEUE] reason=new alarmeId=4178955 dispositivo=BTA 1A - C.F. CONGELADOS loja=Paulistão Campinas Loja 305
2026-05-15 16:54:28,812 [INFO] [ENQUEUE] reason=new alarmeId=4178991 dispositivo=BTA-1C - Step-in loja=Bongi (30)
2026-05-15 16:54:28,812 [INFO] [ENQUEUE] reason=new alarmeId=4179114 dispositivo=UC BTC loja=LEVE ALIMENTOS 
2026-05-15 16:54:28,812 [INFO] [ENQUEUE] reason=new alarmeId=4179119 dispositivo=MTA-4D MANIPULAÇÃO 04 loja=CD Santa Lucia
2026-05-15 16:54:28,812 [INFO] [ENQUEUE] reason=new alarmeId=4179122 dispositivo=Câmara Cong. PDQ loja=CD
2026-05-15 16:54:28,813 [INFO] [ENQUEUE] reason=new alarmeId=4179136 dispositivo=MTA 1U - C.F. CARNES loja=IMIGRANTES ( PORTO VELHO - RO )
2026-05-15 16:54:28,813 [INFO] [ENQUEUE] reason=new alarmeId=4179155 dispositivo=BTA 2C - C.F CONGELADOS loja=COMPER 99 
2026-05-15 16:54:28,813 [INFO] [ENQUEUE] reason=new alarmeId=4179183 dispositivo=11 - MTA 2F/2G - WALK IN COOLER REF. loja=Paulistão Ribeirão Preto Loja 306
2026-05-15 16:54:28,813 [INFO] [ENQUEUE] reason=new alarmeId=4149138 dispositivo=QUADRO MASTER loja=IMIGRANTES ( PORTO VELHO - RO )
2026-05-15 16:54:28,813 [INFO] [ENQUEUE] reason=new alarmeId=4149139 dispositivo=QUADRO MASTER loja=IMIGRANTES ( PORTO VELHO - RO )
2026-05-15 16:54:28,813 [INFO] [ENQUEUE] reason=new alarmeId=4147274 dispositivo=INVERSOR UC BTC loja=Extrabom - Serra Sede - ES
2026-05-15 16:54:28,813 [INFO] [ENQUEUE] reason=new alarmeId=4147275 dispositivo=INVERSOR UC BTA loja=Extrabom - Serra Sede - ES
2026-05-15 16:54:28,813 [INFO] [ENQUEUE] reason=new alarmeId=4147273 dispositivo=INVERSOR UC BTB loja=Extrabom - Serra Sede - ES
2026-05-15 16:54:28,813 [INFO] [ENQUEUE] reason=new alarmeId=4150447 dispositivo=HIGHPACK 03 - COMPRESSOR 02 loja=IMIGRANTES ( PORTO VELHO - RO )
2026-05-15 16:54:28,814 [INFO] [ENQUEUE] reason=new alarmeId=4147280 dispositivo=RACK DE BOMBAS loja=Fort 170 - Vila Celia - MSN
2026-05-15 16:54:28,814 [INFO] [ENQUEUE] reason=new alarmeId=4160108 dispositivo=RACK DE BOMBAS loja=Fort 170 - Vila Celia - MSN
2026-05-15 16:54:28,814 [INFO] [ENQUEUE] reason=new alarmeId=4161970 dispositivo=UC BTC loja=Extrabom - Serra Sede - ES
2026-05-15 16:54:28,814 [INFO] [ENQUEUE] reason=new alarmeId=4149671 dispositivo=RACK MT loja=CD Santa Lucia
2026-05-15 16:54:28,814 [INFO] [ENQUEUE] reason=new alarmeId=4150408 dispositivo=RACK BT loja=CD Santa Lucia
2026-05-15 16:54:28,814 [INFO] [ENQUEUE] reason=new alarmeId=4162205 dispositivo=RACK MT loja=CD Santa Lucia
2026-05-15 16:54:28,814 [INFO] [ENQUEUE] reason=new alarmeId=4162204 dispositivo=RACK MT loja=CD Santa Lucia
2026-05-15 16:54:28,814 [INFO] [ENQUEUE] reason=new alarmeId=4160036 dispositivo=BTA-1Ca - Ilha Congelados loja=Campo de Santana
2026-05-15 16:54:28,814 [INFO] [ENQUEUE] reason=new alarmeId=4170991 dispositivo=RACK DE BOMBAS loja=Fort 170 - Vila Celia - MSN
2026-05-15 16:54:28,814 [INFO] [ENQUEUE] reason=new alarmeId=4170990 dispositivo=RACK RESFRIADOS MT loja=Fort 170 - Vila Celia - MSN
2026-05-15 16:54:28,815 [INFO] [ENQUEUE] reason=new alarmeId=4171026 dispositivo=BTA 1Ab - STEP IN FREEZER loja=Fort 170 - Vila Celia - MSN
2026-05-15 16:54:28,815 [INFO] [ENQUEUE] reason=new alarmeId=4166101 dispositivo=1R3-A - Exp. Embalados loja=Colônia
2026-05-15 16:54:28,815 [INFO] [ENQUEUE] reason=new alarmeId=4173593 dispositivo=RACK CONGELADOS BT loja=Fort 170 - Vila Celia - MSN
2026-05-15 16:54:28,815 [INFO] [ENQUEUE] reason=new alarmeId=4175727 dispositivo=RACK CONGELADOS BT loja=Fort 170 - Vila Celia - MSN
2026-05-15 16:54:28,815 [INFO] [ENQUEUE] reason=new alarmeId=4170853 dispositivo=RACK MTA loja=Tibiriça Loja 61
2026-05-15 16:54:28,815 [INFO] [ENQUEUE] reason=new alarmeId=4170854 dispositivo=RACK MTA loja=Tibiriça Loja 61
2026-05-15 16:54:28,815 [INFO] [ENQUEUE] reason=new alarmeId=4170852 dispositivo=RACK MTA loja=Tibiriça Loja 61
2026-05-15 16:54:28,815 [INFO] [ENQUEUE] reason=new alarmeId=4133815 dispositivo=RACK BTA loja=Arco Verde (30)
2026-05-15 16:54:28,815 [INFO] [ENQUEUE] reason=new alarmeId=4177451 dispositivo=BTA-2A - CF. Congelados loja=Bongi (30)
2026-05-15 16:54:28,815 [INFO] [ENQUEUE] reason=new alarmeId=4177123 dispositivo=RACK MTA loja=Fort 145 - Florianópolis - SCS
2026-05-15 16:54:28,816 [INFO] [ENQUEUE] reason=new alarmeId=4177124 dispositivo=RACK BTA loja=Fort 145 - Florianópolis - SCS
2026-05-15 16:54:28,816 [INFO] [ENQUEUE] reason=new alarmeId=4177552 dispositivo=BTA 1B - C.F. CONGELADOS loja=Fort 170 - Vila Celia - MSN
2026-05-15 16:54:28,816 [INFO] [ENQUEUE] reason=new alarmeId=4175190 dispositivo=BTA 2B - C.F. CONGELADOS loja=Fort 170 - Vila Celia - MSN
2026-05-15 16:54:28,816 [INFO] [ENQUEUE] reason=new alarmeId=4178224 dispositivo=CA-1A Cong. Expedição loja=CD
2026-05-15 16:54:28,816 [INFO] [ENQUEUE] reason=new alarmeId=4178232 dispositivo=RACK DESCARGA ÚNICA loja=Sítio Cercado
2026-05-15 16:54:28,816 [INFO] [ENQUEUE] reason=new alarmeId=4177319 dispositivo=BTC1A - CF Congelados - UC01 loja=Uberaba
2026-05-15 16:54:28,816 [INFO] [ENQUEUE] reason=new alarmeId=4177424 dispositivo=BTA 1A - C.F. CONGELADOS loja=Paulistão  Barretos Loja 302
2026-05-15 16:54:28,816 [INFO] [ENQUEUE] reason=new alarmeId=4177578 dispositivo=BTA 2B - C.F. CONGELADOS FRIOS loja=Sumare Loja 58
2026-05-15 16:54:28,817 [INFO] [ENQUEUE] reason=new alarmeId=4177594 dispositivo=BTA 1B - C.F. CONGELADOS CARNES loja=Sumare Loja 58
2026-05-15 16:54:28,817 [INFO] [ENQUEUE] reason=new alarmeId=4178016 dispositivo=RACK CONGELADOS BT loja=Fort 170 - Vila Celia - MSN
2026-05-15 16:54:28,817 [INFO] [ENQUEUE] reason=new alarmeId=4178636 dispositivo=MTA-4F DOCA loja=CD Santa Lucia
2026-05-15 16:54:28,817 [INFO] [ENQUEUE] reason=new alarmeId=4178650 dispositivo=MTA-4E DOCA loja=CD Santa Lucia
2026-05-15 16:54:28,817 [INFO] [ENQUEUE] reason=new alarmeId=4178594 dispositivo=BTA 2C - C.F. CONGELADOS AÇOUGUE loja=Parque Verde
2026-05-15 16:54:28,817 [INFO] [ENQUEUE] reason=new alarmeId=4178610 dispositivo=RACK BTA loja=Parque Verde
2026-05-15 16:54:28,817 [INFO] [ENQUEUE] reason=new alarmeId=4178587 dispositivo=8 - MTA-2H - C.F. PREPARO HORTI-FRUTI loja=LEVE ALIMENTOS 
2026-05-15 16:54:28,817 [INFO] [ENQUEUE] reason=new alarmeId=4178729 dispositivo=BTA 3B - C.F CONGELADOS loja=Arco Verde (30)
2026-05-15 16:54:28,818 [INFO] [ENQUEUE] reason=new alarmeId=4178749 dispositivo=BTA 2B - C.F CONGELADOS loja=Arco Verde (30)
2026-05-15 16:54:28,818 [INFO] [ENQUEUE] reason=new alarmeId=4176926 dispositivo=Sinal de Vida loja=Paulistão Araraquara Loja 301
2026-05-15 16:54:28,818 [INFO] [ENQUEUE] reason=new alarmeId=4178752 dispositivo=BTA 3A - C.F CONGELADOS loja=Arco Verde (30)
2026-05-15 16:54:28,818 [INFO] [ENQUEUE] reason=new alarmeId=4178774 dispositivo=BTA 2A - CF CONGELADOS loja=Arco Verde (30)
2026-05-15 16:54:28,818 [INFO] [ENQUEUE] reason=new alarmeId=4178972 dispositivo=MTA-1A C.F. RESFRIADOS (1) loja=CD Santa Lucia
2026-05-15 16:54:28,818 [INFO] [ENQUEUE] reason=new alarmeId=4178764 dispositivo=BTA 1Bb - EXP. CONGELADOS (VHIC-18 T) loja=Parque Verde
2026-05-15 16:54:28,818 [INFO] [ENQUEUE] reason=new alarmeId=4178823 dispositivo=BTA 2A - C.F FRIOS CONGELADOS loja=Leme Loja 52
2026-05-15 16:54:28,818 [INFO] [ENQUEUE] reason=new alarmeId=4178891 dispositivo=BTA 1Ec - EXP. CONGELADOS (VHY-18) loja=Parque Verde
2026-05-15 16:54:28,818 [INFO] [ENQUEUE] reason=new alarmeId=4178890 dispositivo=BTA 1Cb - EXP. CONGELADOS (VHIC-18 T) loja=Parque Verde
2026-05-15 16:54:28,818 [INFO] [ENQUEUE] reason=new alarmeId=4178892 dispositivo=BTA 1Eb - EXP. CONGELADOS (VHY-18) loja=Parque Verde
2026-05-15 16:54:28,819 [INFO] [ENQUEUE] reason=new alarmeId=4178895 dispositivo=Cam. Embalagem loja=CD
2026-05-15 16:54:28,819 [INFO] [ENQUEUE] reason=new alarmeId=4178905 dispositivo=BTA 2A - C.F. TROCAS loja=Parque Verde
2026-05-15 16:54:28,819 [INFO] [ENQUEUE] reason=new alarmeId=4178371 dispositivo=BTA-2C - C. F. Congelados loja=Campo de Santana
2026-05-15 16:54:28,819 [INFO] [ENQUEUE] reason=new alarmeId=4178372 dispositivo=BTA-2D - C. F. Congelados loja=Campo de Santana
2026-05-15 16:54:28,819 [INFO] [ENQUEUE] reason=new alarmeId=4179182 dispositivo=MTA-4A C.F. AVARIAS loja=CD Santa Lucia
2026-05-15 16:54:28,819 [INFO] [ENQUEUE] reason=new alarmeId=4179044 dispositivo=6 - MTA 2I - C.F. Frios loja=Comper 104 - Cuiabá - MT
2026-05-15 16:54:28,819 [INFO] [ENQUEUE] reason=new alarmeId=4179020 dispositivo=BTA-1B - STEP IN loja=Fort 290 - Biguaçu - SCS
2026-05-15 16:54:28,819 [INFO] [ENQUEUE] reason=new alarmeId=4179066 dispositivo=BTA-3A - C.F. CONG. loja=Fort 290 - Biguaçu - SCS
2026-05-15 16:54:28,819 [INFO] [JOB] Concluído em 1.83s — total=72 new=72 status_changed=0 duplicate=0 | fila=72
2026-05-15 16:54:28,820 [INFO] Added job "polling_job" to job store "default"
2026-05-15 16:54:28,820 [INFO] Scheduler started
2026-05-15 16:55:26,991 [INFO] Running job "polling_job (trigger: interval[0:01:00], next run at: 2026-05-15 16:55:26 -03)" (scheduled at 2026-05-15 16:55:26.987490-03:00)
2026-05-15 16:55:26,991 [INFO] [JOB] Iniciando polling — 2026-05-15T16:55:26.991976
2026-05-15 16:55:29,009 [INFO] [JOB] Concluído em 2.02s — total=72 new=0 status_changed=0 duplicate=72 | fila=72
2026-05-15 16:55:29,009 [INFO] Job "polling_job (trigger: interval[0:01:00], next run at: 2026-05-15 16:56:26 -03)" executed successfully
2026-05-15 16:56:27,000 [INFO] Running job "polling_job (trigger: interval[0:01:00], next run at: 2026-05-15 16:57:26 -03)" (scheduled at 2026-05-15 16:56:26.987490-03:00)
2026-05-15 16:56:27,001 [INFO] [JOB] Iniciando polling — 2026-05-15T16:56:27.001031
2026-05-15 16:56:28,802 [INFO] [JOB] Concluído em 1.80s — total=72 new=0 status_changed=0 duplicate=72 | fila=72
2026-05-15 16:56:28,802 [INFO] Job "polling_job (trigger: interval[0:01:00], next run at: 2026-05-15 16:57:26 -03)" executed successfully
2026-05-15 16:57:26,995 [INFO] Running job "polling_job (trigger: interval[0:01:00], next run at: 2026-05-15 16:58:26 -03)" (scheduled at 2026-05-15 16:57:26.987490-03:00)
2026-05-15 16:57:26,995 [INFO] [JOB] Iniciando polling — 2026-05-15T16:57:26.995471
2026-05-15 16:57:28,821 [INFO] [ENQUEUE] reason=new alarmeId=4179211 dispositivo=BTA-3B - CF. CONG 1 loja=Fort 130 - SCS
2026-05-15 16:57:28,821 [INFO] [JOB] Concluído em 1.83s — total=73 new=1 status_changed=0 duplicate=72 | fila=73
2026-05-15 16:57:28,821 [INFO] Job "polling_job (trigger: interval[0:01:00], next run at: 2026-05-15 16:58:26 -03)" executed successfully
2026-05-15 16:58:27,000 [INFO] Running job "polling_job (trigger: interval[0:01:00], next run at: 2026-05-15 16:59:26 -03)" (scheduled at 2026-05-15 16:58:26.987490-03:00)
2026-05-15 16:58:27,000 [INFO] [JOB] Iniciando polling — 2026-05-15T16:58:27.000501
2026-05-15 16:58:28,910 [INFO] [JOB] Concluído em 1.91s — total=73 new=0 status_changed=0 duplicate=73 | fila=73
2026-05-15 16:58:28,910 [INFO] Job "polling_job (trigger: interval[0:01:00], next run at: 2026-05-15 16:59:26 -03)" executed successfully
2026-05-15 16:59:27,000 [INFO] Running job "polling_job (trigger: interval[0:01:00], next run at: 2026-05-15 17:00:26 -03)" (scheduled at 2026-05-15 16:59:26.987490-03:00)
2026-05-15 16:59:27,000 [INFO] [JOB] Iniciando polling — 2026-05-15T16:59:27.000781
2026-05-15 16:59:28,941 [INFO] [ENQUEUE] reason=new alarmeId=4179222 dispositivo=MTA-1B ANTE CÂMARA (D) loja=CD Santa Lucia
2026-05-15 16:59:28,941 [INFO] [JOB] Concluído em 1.94s — total=66 new=1 status_changed=0 duplicate=65 | fila=74
2026-05-15 16:59:28,941 [INFO] Job "polling_job (trigger: interval[0:01:00], next run at: 2026-05-15 17:00:26 -03)" executed successfully
2026-05-15 17:00:26,993 [INFO] Running job "polling_job (trigger: interval[0:01:00], next run at: 2026-05-15 17:01:26 -03)" (scheduled at 2026-05-15 17:00:26.987490-03:00)
2026-05-15 17:00:26,993 [INFO] [JOB] Iniciando polling — 2026-05-15T17:00:26.993775
2026-05-15 17:00:28,975 [INFO] [JOB] Concluído em 1.98s — total=66 new=0 status_changed=0 duplicate=66 | fila=74
2026-05-15 17:00:28,975 [INFO] Job "polling_job (trigger: interval[0:01:00], next run at: 2026-05-15 17:01:26 -03)" executed successfully
2026-05-15 17:01:27,006 [INFO] Running job "polling_job (trigger: interval[0:01:00], next run at: 2026-05-15 17:02:26 -03)" (scheduled at 2026-05-15 17:01:26.987490-03:00)
2026-05-15 17:01:27,006 [INFO] [JOB] Iniciando polling — 2026-05-15T17:01:27.006529
2026-05-15 17:01:28,848 [INFO] [JOB] Concluído em 1.84s — total=57 new=0 status_changed=0 duplicate=57 | fila=74
2026-05-15 17:01:28,848 [INFO] Job "polling_job (trigger: interval[0:01:00], next run at: 2026-05-15 17:02:26 -03)" executed successfully
2026-05-15 17:02:26,999 [INFO] Running job "polling_job (trigger: interval[0:01:00], next run at: 2026-05-15 17:03:26 -03)" (scheduled at 2026-05-15 17:02:26.987490-03:00)
2026-05-15 17:02:26,999 [INFO] [JOB] Iniciando polling — 2026-05-15T17:02:26.999323
2026-05-15 17:02:28,866 [INFO] [JOB] Concluído em 1.87s — total=57 new=0 status_changed=0 duplicate=57 | fila=74
2026-05-15 17:02:28,866 [INFO] Job "polling_job (trigger: interval[0:01:00], next run at: 2026-05-15 17:03:26 -03)" executed successfully
2026-05-15 17:03:27,005 [INFO] Running job "polling_job (trigger: interval[0:01:00], next run at: 2026-05-15 17:04:26 -03)" (scheduled at 2026-05-15 17:03:26.987490-03:00)
2026-05-15 17:03:27,005 [INFO] [JOB] Iniciando polling — 2026-05-15T17:03:27.005362
2026-05-15 17:03:28,904 [INFO] [JOB] Concluído em 1.90s — total=57 new=0 status_changed=0 duplicate=57 | fila=74
2026-05-15 17:03:28,904 [INFO] Job "polling_job (trigger: interval[0:01:00], next run at: 2026-05-15 17:04:26 -03)" executed successfully
2026-05-15 17:04:27,004 [INFO] Running job "polling_job (trigger: interval[0:01:00], next run at: 2026-05-15 17:05:26 -03)" (scheduled at 2026-05-15 17:04:26.987490-03:00)
2026-05-15 17:04:27,004 [INFO] [JOB] Iniciando polling — 2026-05-15T17:04:27.004351
2026-05-15 17:04:28,796 [INFO] [JOB] Concluído em 1.79s — total=57 new=0 status_changed=0 duplicate=57 | fila=74
2026-05-15 17:04:28,796 [INFO] Job "polling_job (trigger: interval[0:01:00], next run at: 2026-05-15 17:05:26 -03)" executed successfully
2026-05-15 17:05:26,993 [INFO] Running job "polling_job (trigger: interval[0:01:00], next run at: 2026-05-15 17:06:26 -03)" (scheduled at 2026-05-15 17:05:26.987490-03:00)
2026-05-15 17:05:26,993 [INFO] [JOB] Iniciando polling — 2026-05-15T17:05:26.993313
2026-05-15 17:05:28,944 [INFO] [JOB] Concluído em 1.95s — total=57 new=0 status_changed=0 duplicate=57 | fila=74
2026-05-15 17:05:28,944 [INFO] Job "polling_job (trigger: interval[0:01:00], next run at: 2026-05-15 17:06:26 -03)" executed successfully
2026-05-15 17:06:27,002 [INFO] Running job "polling_job (trigger: interval[0:01:00], next run at: 2026-05-15 17:07:26 -03)" (scheduled at 2026-05-15 17:06:26.987490-03:00)
2026-05-15 17:06:27,002 [INFO] [JOB] Iniciando polling — 2026-05-15T17:06:27.002425
2026-05-15 17:06:28,875 [INFO] [JOB] Concluído em 1.87s — total=57 new=0 status_changed=0 duplicate=57 | fila=74
2026-05-15 17:06:28,875 [INFO] Job "polling_job (trigger: interval[0:01:00], next run at: 2026-05-15 17:07:26 -03)" executed successfully
2026-05-15 17:07:27,001 [INFO] Running job "polling_job (trigger: interval[0:01:00], next run at: 2026-05-15 17:08:26 -03)" (scheduled at 2026-05-15 17:07:26.987490-03:00)
2026-05-15 17:07:27,001 [INFO] [JOB] Iniciando polling — 2026-05-15T17:07:27.001965
2026-05-15 17:07:28,792 [INFO] [ENQUEUE] reason=new alarmeId=4179253 dispositivo=8 - MTA-3L - CONFEITARIA CLIM. loja=Indaiatuba - SP
2026-05-15 17:07:28,792 [INFO] [JOB] Concluído em 1.79s — total=58 new=1 status_changed=0 duplicate=57 | fila=75
2026-05-15 17:07:28,792 [INFO] Job "polling_job (trigger: interval[0:01:00], next run at: 2026-05-15 17:08:26 -03)" executed successfully
2026-05-15 17:08:26,993 [INFO] Running job "polling_job (trigger: interval[0:01:00], next run at: 2026-05-15 17:09:26 -03)" (scheduled at 2026-05-15 17:08:26.987490-03:00)
2026-05-15 17:08:26,993 [INFO] [JOB] Iniciando polling — 2026-05-15T17:08:26.993841
2026-05-15 17:08:28,863 [INFO] [ENQUEUE] reason=new alarmeId=4179262 dispositivo=ILHA SELF 16 loja=Atacado Cotripal
2026-05-15 17:08:28,863 [INFO] [JOB] Concluído em 1.87s — total=59 new=1 status_changed=0 duplicate=58 | fila=76
2026-05-15 17:08:28,863 [INFO] Job "polling_job (trigger: interval[0:01:00], next run at: 2026-05-15 17:09:26 -03)" executed successfully
2026-05-15 17:09:27,000 [INFO] Running job "polling_job (trigger: interval[0:01:00], next run at: 2026-05-15 17:10:26 -03)" (scheduled at 2026-05-15 17:09:26.987490-03:00)
2026-05-15 17:09:27,000 [INFO] [JOB] Iniciando polling — 2026-05-15T17:09:27.000697
2026-05-15 17:09:28,840 [INFO] [JOB] Concluído em 1.84s — total=59 new=0 status_changed=0 duplicate=59 | fila=76
2026-05-15 17:09:28,840 [INFO] Job "polling_job (trigger: interval[0:01:00], next run at: 2026-05-15 17:10:26 -03)" executed successfully
2026-05-15 17:10:27,009 [INFO] Running job "polling_job (trigger: interval[0:01:00], next run at: 2026-05-15 17:11:26 -03)" (scheduled at 2026-05-15 17:10:26.987490-03:00)
2026-05-15 17:10:27,009 [INFO] [JOB] Iniciando polling — 2026-05-15T17:10:27.009743
2026-05-15 17:10:28,949 [INFO] [JOB] Concluído em 1.94s — total=58 new=0 status_changed=0 duplicate=58 | fila=76
2026-05-15 17:10:28,949 [INFO] Job "polling_job (trigger: interval[0:01:00], next run at: 2026-05-15 17:11:26 -03)" executed successfully
2026-05-15 17:11:26,988 [INFO] Running job "polling_job (trigger: interval[0:01:00], next run at: 2026-05-15 17:12:26 -03)" (scheduled at 2026-05-15 17:11:26.987490-03:00)
2026-05-15 17:11:26,988 [INFO] [JOB] Iniciando polling — 2026-05-15T17:11:26.988923
2026-05-15 17:11:28,772 [INFO] [JOB] Concluído em 1.78s — total=57 new=0 status_changed=0 duplicate=57 | fila=76
2026-05-15 17:11:28,772 [INFO] Job "polling_job (trigger: interval[0:01:00], next run at: 2026-05-15 17:12:26 -03)" executed successfully
2026-05-15 17:12:27,004 [INFO] Running job "polling_job (trigger: interval[0:01:00], next run at: 2026-05-15 17:13:26 -03)" (scheduled at 2026-05-15 17:12:26.987490-03:00)
2026-05-15 17:12:27,004 [INFO] [JOB] Iniciando polling — 2026-05-15T17:12:27.004245
2026-05-15 17:12:28,860 [INFO] [JOB] Concluído em 1.86s — total=57 new=0 status_changed=0 duplicate=57 | fila=76
2026-05-15 17:12:28,860 [INFO] Job "polling_job (trigger: interval[0:01:00], next run at: 2026-05-15 17:13:26 -03)" executed successfully
2026-05-15 17:13:26,989 [INFO] Running job "polling_job (trigger: interval[0:01:00], next run at: 2026-05-15 17:14:26 -03)" (scheduled at 2026-05-15 17:13:26.987490-03:00)
2026-05-15 17:13:26,989 [INFO] [JOB] Iniciando polling — 2026-05-15T17:13:26.989629
2026-05-15 17:13:28,920 [INFO] [JOB] Concluído em 1.93s — total=57 new=0 status_changed=0 duplicate=57 | fila=76
2026-05-15 17:13:28,921 [INFO] Job "polling_job (trigger: interval[0:01:00], next run at: 2026-05-15 17:14:26 -03)" executed successfully
2026-05-15 17:14:26,995 [INFO] Running job "polling_job (trigger: interval[0:01:00], next run at: 2026-05-15 17:15:26 -03)" (scheduled at 2026-05-15 17:14:26.987490-03:00)
2026-05-15 17:14:26,996 [INFO] [JOB] Iniciando polling — 2026-05-15T17:14:26.996107
2026-05-15 17:14:28,949 [INFO] [JOB] Concluído em 1.95s — total=57 new=0 status_changed=0 duplicate=57 | fila=76
2026-05-15 17:14:28,949 [INFO] Job "polling_job (trigger: interval[0:01:00], next run at: 2026-05-15 17:15:26 -03)" executed successfully
2026-05-15 17:15:27,001 [INFO] Running job "polling_job (trigger: interval[0:01:00], next run at: 2026-05-15 17:16:26 -03)" (scheduled at 2026-05-15 17:15:26.987490-03:00)
2026-05-15 17:15:27,002 [INFO] [JOB] Iniciando polling — 2026-05-15T17:15:27.002104
2026-05-15 17:15:29,547 [INFO] [ENQUEUE] reason=new alarmeId=4179293 dispositivo=BTA 1A - C.F.CONGELADOS (1) loja=Sertãozinho Loja 60
2026-05-15 17:15:29,548 [INFO] [ENQUEUE] reason=new alarmeId=4179294 dispositivo=BTA 1B - C.F.CONGELADOS (1) loja=Sertãozinho Loja 60
2026-05-15 17:15:29,548 [INFO] [JOB] Concluído em 2.55s — total=59 new=2 status_changed=0 duplicate=57 | fila=78
2026-05-15 17:15:29,548 [INFO] Job "polling_job (trigger: interval[0:01:00], next run at: 2026-05-15 17:16:26 -03)" executed successfully
2026-05-15 17:16:26,988 [INFO] Running job "polling_job (trigger: interval[0:01:00], next run at: 2026-05-15 17:17:26 -03)" (scheduled at 2026-05-15 17:16:26.987490-03:00)
2026-05-15 17:16:26,989 [INFO] [JOB] Iniciando polling — 2026-05-15T17:16:26.989166
2026-05-15 17:16:29,148 [INFO] [ENQUEUE] reason=new alarmeId=4179297 dispositivo=10 - MTA 1W - C.F. CARNES loja=Cabo do Santo Agostinho (30)
2026-05-15 17:16:29,149 [INFO] [JOB] Concluído em 2.16s — total=60 new=1 status_changed=0 duplicate=59 | fila=79
2026-05-15 17:16:29,149 [INFO] Job "polling_job (trigger: interval[0:01:00], next run at: 2026-05-15 17:17:26 -03)" executed successfully
2026-05-15 17:17:27,000 [INFO] Running job "polling_job (trigger: interval[0:01:00], next run at: 2026-05-15 17:18:26 -03)" (scheduled at 2026-05-15 17:17:26.987490-03:00)
2026-05-15 17:17:27,000 [INFO] [JOB] Iniciando polling — 2026-05-15T17:17:27.000621
2026-05-15 17:17:28,821 [INFO] [JOB] Concluído em 1.82s — total=60 new=0 status_changed=0 duplicate=60 | fila=79
2026-05-15 17:17:28,821 [INFO] Job "polling_job (trigger: interval[0:01:00], next run at: 2026-05-15 17:18:26 -03)" executed successfully
2026-05-15 17:18:26,999 [INFO] Running job "polling_job (trigger: interval[0:01:00], next run at: 2026-05-15 17:19:26 -03)" (scheduled at 2026-05-15 17:18:26.987490-03:00)
2026-05-15 17:18:27,000 [INFO] [JOB] Iniciando polling — 2026-05-15T17:18:26.999985
2026-05-15 17:18:28,881 [INFO] [JOB] Concluído em 1.88s — total=59 new=0 status_changed=0 duplicate=59 | fila=79
2026-05-15 17:18:28,881 [INFO] Job "polling_job (trigger: interval[0:01:00], next run at: 2026-05-15 17:19:26 -03)" executed successfully
2026-05-15 17:19:27,003 [INFO] Running job "polling_job (trigger: interval[0:01:00], next run at: 2026-05-15 17:20:26 -03)" (scheduled at 2026-05-15 17:19:26.987490-03:00)
2026-05-15 17:19:27,004 [INFO] [JOB] Iniciando polling — 2026-05-15T17:19:27.004002
2026-05-15 17:19:28,914 [INFO] [ENQUEUE] reason=status_changed alarmeId=4179211 dispositivo=BTA-3B - CF. CONG 1 loja=Fort 130 - SCS
2026-05-15 17:19:28,914 [INFO] [JOB] Concluído em 1.91s — total=59 new=0 status_changed=1 duplicate=58 | fila=80
2026-05-15 17:19:28,914 [INFO] Job "polling_job (trigger: interval[0:01:00], next run at: 2026-05-15 17:20:26 -03)" executed successfully
2026-05-15 17:20:26,997 [INFO] Running job "polling_job (trigger: interval[0:01:00], next run at: 2026-05-15 17:21:26 -03)" (scheduled at 2026-05-15 17:20:26.987490-03:00)
2026-05-15 17:20:26,998 [INFO] [JOB] Iniciando polling — 2026-05-15T17:20:26.998135
2026-05-15 17:20:29,045 [INFO] [ENQUEUE] reason=new alarmeId=4179313 dispositivo=3 - MTA 1Na - EXP. AÇOGUE loja=Fort 290 - Biguaçu - SCS
2026-05-15 17:20:29,046 [INFO] [JOB] Concluído em 2.05s — total=59 new=1 status_changed=0 duplicate=58 | fila=81
2026-05-15 17:20:29,046 [INFO] Job "polling_job (trigger: interval[0:01:00], next run at: 2026-05-15 17:21:26 -03)" executed successfully
2026-05-15 17:21:27,005 [INFO] Running job "polling_job (trigger: interval[0:01:00], next run at: 2026-05-15 17:22:26 -03)" (scheduled at 2026-05-15 17:21:26.987490-03:00)
2026-05-15 17:21:27,006 [INFO] [JOB] Iniciando polling — 2026-05-15T17:21:27.006042
2026-05-15 17:21:28,830 [INFO] [ENQUEUE] reason=new alarmeId=4179321 dispositivo=MTA-3B CIRCULAÇÃO loja=CD Santa Lucia
2026-05-15 17:21:28,831 [INFO] [ENQUEUE] reason=new alarmeId=4179322 dispositivo=12 - MTA-2L - C.F PREPARO CLIM. CARNES loja=LEVE ALIMENTOS 
2026-05-15 17:21:28,831 [INFO] [ENQUEUE] reason=new alarmeId=4179318 dispositivo=Sinal de Vida loja=Paulistão Araraquara Loja 301
2026-05-15 17:21:28,831 [INFO] [JOB] Concluído em 1.83s — total=62 new=3 status_changed=0 duplicate=59 | fila=84
2026-05-15 17:21:28,831 [INFO] Job "polling_job (trigger: interval[0:01:00], next run at: 2026-05-15 17:22:26 -03)" executed successfully
2026-05-15 17:22:26,999 [INFO] Running job "polling_job (trigger: interval[0:01:00], next run at: 2026-05-15 17:23:26 -03)" (scheduled at 2026-05-15 17:22:26.987490-03:00)
2026-05-15 17:22:27,000 [INFO] [JOB] Iniciando polling — 2026-05-15T17:22:27.000222
2026-05-15 17:22:28,838 [INFO] [ENQUEUE] reason=new alarmeId=4179325 dispositivo=MTC 1A - EXP. AÇOUGUE (VPXRT-0) loja=Meta 21 SM- Loja Calama
2026-05-15 17:22:28,839 [INFO] [JOB] Concluído em 1.84s — total=62 new=1 status_changed=0 duplicate=61 | fila=85
2026-05-15 17:22:28,839 [INFO] Job "polling_job (trigger: interval[0:01:00], next run at: 2026-05-15 17:23:26 -03)" executed successfully
2026-05-15 17:23:27,004 [INFO] Running job "polling_job (trigger: interval[0:01:00], next run at: 2026-05-15 17:24:26 -03)" (scheduled at 2026-05-15 17:23:26.987490-03:00)
2026-05-15 17:23:27,004 [INFO] [JOB] Iniciando polling — 2026-05-15T17:23:27.004546
2026-05-15 17:23:28,838 [INFO] [ENQUEUE] reason=new alarmeId=4179333 dispositivo=6 - MTA-1N - EXP. A.S. BACALHAU loja=Barretos Loja 15
2026-05-15 17:23:28,839 [INFO] [ENQUEUE] reason=new alarmeId=4179331 dispositivo=RACK BTA loja=Arco Verde (30)
2026-05-15 17:23:28,839 [INFO] [JOB] Concluído em 1.83s — total=64 new=2 status_changed=0 duplicate=62 | fila=87
2026-05-15 17:23:28,839 [INFO] Job "polling_job (trigger: interval[0:01:00], next run at: 2026-05-15 17:24:26 -03)" executed successfully
2026-05-15 17:24:27,003 [INFO] Running job "polling_job (trigger: interval[0:01:00], next run at: 2026-05-15 17:25:26 -03)" (scheduled at 2026-05-15 17:24:26.987490-03:00)
2026-05-15 17:24:27,003 [INFO] [JOB] Iniciando polling — 2026-05-15T17:24:27.003965
2026-05-15 17:24:28,815 [INFO] [JOB] Concluído em 1.81s — total=58 new=0 status_changed=0 duplicate=58 | fila=87
2026-05-15 17:24:28,815 [INFO] Job "polling_job (trigger: interval[0:01:00], next run at: 2026-05-15 17:25:26 -03)" executed successfully
2026-05-15 17:25:27,002 [INFO] Running job "polling_job (trigger: interval[0:01:00], next run at: 2026-05-15 17:26:26 -03)" (scheduled at 2026-05-15 17:25:26.987490-03:00)
2026-05-15 17:25:27,002 [INFO] [JOB] Iniciando polling — 2026-05-15T17:25:27.002942
2026-05-15 17:25:28,843 [INFO] [ENQUEUE] reason=new alarmeId=4179343 dispositivo=UC MTC loja=Meta 21 SM- Loja Calama
2026-05-15 17:25:28,843 [INFO] [JOB] Concluído em 1.84s — total=58 new=1 status_changed=0 duplicate=57 | fila=88
2026-05-15 17:25:28,843 [INFO] Job "polling_job (trigger: interval[0:01:00], next run at: 2026-05-15 17:26:26 -03)" executed successfully
2026-05-15 17:26:26,993 [INFO] Running job "polling_job (trigger: interval[0:01:00], next run at: 2026-05-15 17:27:26 -03)" (scheduled at 2026-05-15 17:26:26.987490-03:00)
2026-05-15 17:26:26,993 [INFO] [JOB] Iniciando polling — 2026-05-15T17:26:26.993354
2026-05-15 17:26:28,813 [INFO] [JOB] Concluído em 1.82s — total=58 new=0 status_changed=0 duplicate=58 | fila=88
2026-05-15 17:26:28,813 [INFO] Job "polling_job (trigger: interval[0:01:00], next run at: 2026-05-15 17:27:26 -03)" executed successfully
2026-05-15 17:27:27,001 [INFO] Running job "polling_job (trigger: interval[0:01:00], next run at: 2026-05-15 17:28:26 -03)" (scheduled at 2026-05-15 17:27:26.987490-03:00)
2026-05-15 17:27:27,001 [INFO] [JOB] Iniciando polling — 2026-05-15T17:27:27.001442
2026-05-15 17:27:28,835 [INFO] [JOB] Concluído em 1.83s — total=58 new=0 status_changed=0 duplicate=58 | fila=88
2026-05-15 17:27:28,835 [INFO] Job "polling_job (trigger: interval[0:01:00], next run at: 2026-05-15 17:28:26 -03)" executed successfully
2026-05-15 17:28:27,010 [INFO] Running job "polling_job (trigger: interval[0:01:00], next run at: 2026-05-15 17:29:26 -03)" (scheduled at 2026-05-15 17:28:26.987490-03:00)
2026-05-15 17:28:27,010 [INFO] [JOB] Iniciando polling — 2026-05-15T17:28:27.010481
2026-05-15 17:28:28,834 [INFO] [ENQUEUE] reason=new alarmeId=4179357 dispositivo=MTA 2G - C.F. CARNES loja=IMIGRANTES ( PORTO VELHO - RO )
2026-05-15 17:28:28,834 [INFO] [ENQUEUE] reason=new alarmeId=4179371 dispositivo=UC BTB loja=Paulistão Campinas Loja 305
2026-05-15 17:28:28,835 [INFO] [JOB] Concluído em 1.82s — total=60 new=2 status_changed=0 duplicate=58 | fila=90
2026-05-15 17:28:28,835 [INFO] Job "polling_job (trigger: interval[0:01:00], next run at: 2026-05-15 17:29:26 -03)" executed successfully
2026-05-15 17:29:27,009 [INFO] Running job "polling_job (trigger: interval[0:01:00], next run at: 2026-05-15 17:30:26 -03)" (scheduled at 2026-05-15 17:29:26.987490-03:00)
2026-05-15 17:29:27,009 [INFO] [JOB] Iniciando polling — 2026-05-15T17:29:27.009934
2026-05-15 17:29:28,871 [INFO] [ENQUEUE] reason=new alarmeId=4179378 dispositivo=9 - MTA 3N - PREPARO CLIMATIZADO loja=Sertãozinho Loja 60
2026-05-15 17:29:28,871 [INFO] [JOB] Concluído em 1.86s — total=61 new=1 status_changed=0 duplicate=60 | fila=91
2026-05-15 17:29:28,871 [INFO] Job "polling_job (trigger: interval[0:01:00], next run at: 2026-05-15 17:30:26 -03)" executed successfully
2026-05-15 17:30:26,999 [INFO] Running job "polling_job (trigger: interval[0:01:00], next run at: 2026-05-15 17:31:26 -03)" (scheduled at 2026-05-15 17:30:26.987490-03:00)
2026-05-15 17:30:26,999 [INFO] [JOB] Iniciando polling — 2026-05-15T17:30:26.999353
2026-05-15 17:30:28,831 [INFO] [JOB] Concluído em 1.83s — total=61 new=0 status_changed=0 duplicate=61 | fila=91
2026-05-15 17:30:28,831 [INFO] Job "polling_job (trigger: interval[0:01:00], next run at: 2026-05-15 17:31:26 -03)" executed successfully
2026-05-15 17:31:26,998 [INFO] Running job "polling_job (trigger: interval[0:01:00], next run at: 2026-05-15 17:32:26 -03)" (scheduled at 2026-05-15 17:31:26.987490-03:00)
2026-05-15 17:31:26,998 [INFO] [JOB] Iniciando polling — 2026-05-15T17:31:26.998323
2026-05-15 17:31:28,837 [INFO] [JOB] Concluído em 1.84s — total=60 new=0 status_changed=0 duplicate=60 | fila=91
2026-05-15 17:31:28,837 [INFO] Job "polling_job (trigger: interval[0:01:00], next run at: 2026-05-15 17:32:26 -03)" executed successfully
2026-05-15 17:32:27,005 [INFO] Running job "polling_job (trigger: interval[0:01:00], next run at: 2026-05-15 17:33:26 -03)" (scheduled at 2026-05-15 17:32:26.987490-03:00)
2026-05-15 17:32:27,005 [INFO] [JOB] Iniciando polling — 2026-05-15T17:32:27.005652
2026-05-15 17:32:28,885 [INFO] [JOB] Concluído em 1.88s — total=60 new=0 status_changed=0 duplicate=60 | fila=91
2026-05-15 17:32:28,885 [INFO] Job "polling_job (trigger: interval[0:01:00], next run at: 2026-05-15 17:33:26 -03)" executed successfully
2026-05-15 17:33:27,004 [INFO] Running job "polling_job (trigger: interval[0:01:00], next run at: 2026-05-15 17:34:26 -03)" (scheduled at 2026-05-15 17:33:26.987490-03:00)
2026-05-15 17:33:27,005 [INFO] [JOB] Iniciando polling — 2026-05-15T17:33:27.005278
2026-05-15 17:33:28,858 [INFO] [ENQUEUE] reason=new alarmeId=4179388 dispositivo=MTA-4La - EXP. A.S. SUCOS loja=Loja Monte Alto
2026-05-15 17:33:28,859 [INFO] [JOB] Concluído em 1.85s — total=61 new=1 status_changed=0 duplicate=60 | fila=92
2026-05-15 17:33:28,859 [INFO] Job "polling_job (trigger: interval[0:01:00], next run at: 2026-05-15 17:34:26 -03)" executed successfully
2026-05-15 17:34:26,992 [INFO] Running job "polling_job (trigger: interval[0:01:00], next run at: 2026-05-15 17:35:26 -03)" (scheduled at 2026-05-15 17:34:26.987490-03:00)
2026-05-15 17:34:26,992 [INFO] [JOB] Iniciando polling — 2026-05-15T17:34:26.992289
2026-05-15 17:34:28,848 [INFO] [JOB] Concluído em 1.86s — total=61 new=0 status_changed=0 duplicate=61 | fila=92
2026-05-15 17:34:28,848 [INFO] Job "polling_job (trigger: interval[0:01:00], next run at: 2026-05-15 17:35:26 -03)" executed successfully
2026-05-15 17:35:27,005 [INFO] Running job "polling_job (trigger: interval[0:01:00], next run at: 2026-05-15 17:36:26 -03)" (scheduled at 2026-05-15 17:35:26.987490-03:00)
2026-05-15 17:35:27,005 [INFO] [JOB] Iniciando polling — 2026-05-15T17:35:27.005292
2026-05-15 17:35:28,872 [INFO] [JOB] Concluído em 1.87s — total=61 new=0 status_changed=0 duplicate=61 | fila=92
2026-05-15 17:35:28,872 [INFO] Job "polling_job (trigger: interval[0:01:00], next run at: 2026-05-15 17:36:26 -03)" executed successfully
2026-05-15 17:36:27,008 [INFO] Running job "polling_job (trigger: interval[0:01:00], next run at: 2026-05-15 17:37:26 -03)" (scheduled at 2026-05-15 17:36:26.987490-03:00)
2026-05-15 17:36:27,009 [INFO] [JOB] Iniciando polling — 2026-05-15T17:36:27.009027
2026-05-15 17:36:28,831 [INFO] [JOB] Concluído em 1.82s — total=61 new=0 status_changed=0 duplicate=61 | fila=92
2026-05-15 17:36:28,831 [INFO] Job "polling_job (trigger: interval[0:01:00], next run at: 2026-05-15 17:37:26 -03)" executed successfully
2026-05-15 17:37:26,989 [INFO] Running job "polling_job (trigger: interval[0:01:00], next run at: 2026-05-15 17:38:26 -03)" (scheduled at 2026-05-15 17:37:26.987490-03:00)
2026-05-15 17:37:26,990 [INFO] [JOB] Iniciando polling — 2026-05-15T17:37:26.990214
2026-05-15 17:37:28,803 [INFO] [JOB] Concluído em 1.81s — total=61 new=0 status_changed=0 duplicate=61 | fila=92
2026-05-15 17:37:28,803 [INFO] Job "polling_job (trigger: interval[0:01:00], next run at: 2026-05-15 17:38:26 -03)" executed successfully
2026-05-15 17:38:27,001 [INFO] Running job "polling_job (trigger: interval[0:01:00], next run at: 2026-05-15 17:39:26 -03)" (scheduled at 2026-05-15 17:38:26.987490-03:00)
2026-05-15 17:38:27,002 [INFO] [JOB] Iniciando polling — 2026-05-15T17:38:27.002040
2026-05-15 17:38:28,848 [INFO] [ENQUEUE] reason=new alarmeId=4179399 dispositivo=1 - MTA-1A - EXP. ATEND. DOCES loja=Barretos Loja 15
2026-05-15 17:38:28,848 [INFO] [JOB] Concluído em 1.85s — total=62 new=1 status_changed=0 duplicate=61 | fila=93
2026-05-15 17:38:28,849 [INFO] Job "polling_job (trigger: interval[0:01:00], next run at: 2026-05-15 17:39:26 -03)" executed successfully
2026-05-15 17:39:26,992 [INFO] Running job "polling_job (trigger: interval[0:01:00], next run at: 2026-05-15 17:40:26 -03)" (scheduled at 2026-05-15 17:39:26.987490-03:00)
2026-05-15 17:39:26,992 [INFO] [JOB] Iniciando polling — 2026-05-15T17:39:26.992511
2026-05-15 17:39:28,823 [INFO] [JOB] Concluído em 1.83s — total=62 new=0 status_changed=0 duplicate=62 | fila=93
2026-05-15 17:39:28,823 [INFO] Job "polling_job (trigger: interval[0:01:00], next run at: 2026-05-15 17:40:26 -03)" executed successfully
2026-05-15 17:40:27,002 [INFO] Running job "polling_job (trigger: interval[0:01:00], next run at: 2026-05-15 17:41:26 -03)" (scheduled at 2026-05-15 17:40:26.987490-03:00)
2026-05-15 17:40:27,002 [INFO] [JOB] Iniciando polling — 2026-05-15T17:40:27.002345
2026-05-15 17:40:28,807 [INFO] [JOB] Concluído em 1.81s — total=62 new=0 status_changed=0 duplicate=62 | fila=93
2026-05-15 17:40:28,807 [INFO] Job "polling_job (trigger: interval[0:01:00], next run at: 2026-05-15 17:41:26 -03)" executed successfully
2026-05-15 17:41:27,005 [INFO] Running job "polling_job (trigger: interval[0:01:00], next run at: 2026-05-15 17:42:26 -03)" (scheduled at 2026-05-15 17:41:26.987490-03:00)
2026-05-15 17:41:27,006 [INFO] [JOB] Iniciando polling — 2026-05-15T17:41:27.006019
2026-05-15 17:41:28,845 [INFO] [JOB] Concluído em 1.84s — total=62 new=0 status_changed=0 duplicate=62 | fila=93
2026-05-15 17:41:28,846 [INFO] Job "polling_job (trigger: interval[0:01:00], next run at: 2026-05-15 17:42:26 -03)" executed successfully
2026-05-15 17:42:26,994 [INFO] Running job "polling_job (trigger: interval[0:01:00], next run at: 2026-05-15 17:43:26 -03)" (scheduled at 2026-05-15 17:42:26.987490-03:00)
2026-05-15 17:42:26,994 [INFO] [JOB] Iniciando polling — 2026-05-15T17:42:26.994458
2026-05-15 17:42:28,813 [INFO] [JOB] Concluído em 1.82s — total=61 new=0 status_changed=0 duplicate=61 | fila=93
2026-05-15 17:42:28,814 [INFO] Job "polling_job (trigger: interval[0:01:00], next run at: 2026-05-15 17:43:26 -03)" executed successfully
2026-05-15 17:43:27,003 [INFO] Running job "polling_job (trigger: interval[0:01:00], next run at: 2026-05-15 17:44:26 -03)" (scheduled at 2026-05-15 17:43:26.987490-03:00)
2026-05-15 17:43:27,004 [INFO] [JOB] Iniciando polling — 2026-05-15T17:43:27.004034
2026-05-15 17:43:28,849 [INFO] [JOB] Concluído em 1.85s — total=61 new=0 status_changed=0 duplicate=61 | fila=93
2026-05-15 17:43:28,849 [INFO] Job "polling_job (trigger: interval[0:01:00], next run at: 2026-05-15 17:44:26 -03)" executed successfully
2026-05-15 17:44:27,003 [INFO] Running job "polling_job (trigger: interval[0:01:00], next run at: 2026-05-15 17:45:26 -03)" (scheduled at 2026-05-15 17:44:26.987490-03:00)
2026-05-15 17:44:27,003 [INFO] [JOB] Iniciando polling — 2026-05-15T17:44:27.003220
2026-05-15 17:44:28,794 [INFO] [ENQUEUE] reason=new alarmeId=4179424 dispositivo=SUB RACK BT loja=Afonso Pena 
2026-05-15 17:44:28,794 [INFO] [JOB] Concluído em 1.79s — total=60 new=1 status_changed=0 duplicate=59 | fila=94
2026-05-15 17:44:28,794 [INFO] Job "polling_job (trigger: interval[0:01:00], next run at: 2026-05-15 17:45:26 -03)" executed successfully
2026-05-15 17:45:27,002 [INFO] Running job "polling_job (trigger: interval[0:01:00], next run at: 2026-05-15 17:46:26 -03)" (scheduled at 2026-05-15 17:45:26.987490-03:00)
2026-05-15 17:45:27,002 [INFO] [JOB] Iniciando polling — 2026-05-15T17:45:27.002491
2026-05-15 17:45:29,210 [INFO] [JOB] Concluído em 2.21s — total=60 new=0 status_changed=0 duplicate=60 | fila=94
2026-05-15 17:45:29,210 [INFO] Job "polling_job (trigger: interval[0:01:00], next run at: 2026-05-15 17:46:26 -03)" executed successfully
2026-05-15 17:46:27,001 [INFO] Running job "polling_job (trigger: interval[0:01:00], next run at: 2026-05-15 17:47:26 -03)" (scheduled at 2026-05-15 17:46:26.987490-03:00)
2026-05-15 17:46:27,001 [INFO] [JOB] Iniciando polling — 2026-05-15T17:46:27.001666
2026-05-15 17:46:28,852 [INFO] [JOB] Concluído em 1.85s — total=59 new=0 status_changed=0 duplicate=59 | fila=94
2026-05-15 17:46:28,852 [INFO] Job "polling_job (trigger: interval[0:01:00], next run at: 2026-05-15 17:47:26 -03)" executed successfully
2026-05-15 17:47:26,995 [INFO] Running job "polling_job (trigger: interval[0:01:00], next run at: 2026-05-15 17:48:26 -03)" (scheduled at 2026-05-15 17:47:26.987490-03:00)
2026-05-15 17:47:26,995 [INFO] [JOB] Iniciando polling — 2026-05-15T17:47:26.995955
2026-05-15 17:47:28,791 [INFO] [ENQUEUE] reason=new alarmeId=4179435 dispositivo=BTA 1Ea - EXP. CONGELADOS (VHY-18) loja=Parque Verde
2026-05-15 17:47:28,792 [INFO] [ENQUEUE] reason=new alarmeId=4179432 dispositivo=Sinal de Vida loja=Guatupê
2026-05-15 17:47:28,792 [INFO] [ENQUEUE] reason=status_changed alarmeId=4179293 dispositivo=BTA 1A - C.F.CONGELADOS (1) loja=Sertãozinho Loja 60
2026-05-15 17:47:28,792 [INFO] [JOB] Concluído em 1.80s — total=61 new=2 status_changed=1 duplicate=58 | fila=97
2026-05-15 17:47:28,792 [INFO] Job "polling_job (trigger: interval[0:01:00], next run at: 2026-05-15 17:48:26 -03)" executed successfully
2026-05-15 17:48:26,995 [INFO] Running job "polling_job (trigger: interval[0:01:00], next run at: 2026-05-15 17:49:26 -03)" (scheduled at 2026-05-15 17:48:26.987490-03:00)
2026-05-15 17:48:26,996 [INFO] [JOB] Iniciando polling — 2026-05-15T17:48:26.996094
2026-05-15 17:48:28,813 [INFO] [ENQUEUE] reason=new alarmeId=4179439 dispositivo=BTA 1Ga - EXP. CONGELADOS (VHY-18) loja=Parque Verde
2026-05-15 17:48:28,814 [INFO] [ENQUEUE] reason=new alarmeId=4179438 dispositivo=BTA 2B - C.F. CONGELADOS loja=Parque Verde
2026-05-15 17:48:28,814 [INFO] [ENQUEUE] reason=new alarmeId=4179441 dispositivo=BTA 2C - C.F. CONGELADOS AÇOUGUE loja=Parque Verde
2026-05-15 17:48:28,814 [INFO] [ENQUEUE] reason=new alarmeId=4179442 dispositivo=BTA 1J - EXP. CONGELADOS (VSK-18) loja=Parque Verde
2026-05-15 17:48:28,814 [INFO] [JOB] Concluído em 1.82s — total=63 new=4 status_changed=0 duplicate=59 | fila=101
2026-05-15 17:48:28,814 [INFO] Job "polling_job (trigger: interval[0:01:00], next run at: 2026-05-15 17:49:26 -03)" executed successfully
2026-05-15 17:49:27,004 [INFO] Running job "polling_job (trigger: interval[0:01:00], next run at: 2026-05-15 17:50:26 -03)" (scheduled at 2026-05-15 17:49:26.987490-03:00)
2026-05-15 17:49:27,004 [INFO] [JOB] Iniciando polling — 2026-05-15T17:49:27.004610
2026-05-15 17:49:28,803 [INFO] [JOB] Concluído em 1.80s — total=63 new=0 status_changed=0 duplicate=63 | fila=101
2026-05-15 17:49:28,803 [INFO] Job "polling_job (trigger: interval[0:01:00], next run at: 2026-05-15 17:50:26 -03)" executed successfully
2026-05-15 17:50:26,994 [INFO] Running job "polling_job (trigger: interval[0:01:00], next run at: 2026-05-15 17:51:26 -03)" (scheduled at 2026-05-15 17:50:26.987490-03:00)
2026-05-15 17:50:26,994 [INFO] [JOB] Iniciando polling — 2026-05-15T17:50:26.994943
2026-05-15 17:50:28,852 [INFO] [JOB] Concluído em 1.86s — total=63 new=0 status_changed=0 duplicate=63 | fila=101
2026-05-15 17:50:28,852 [INFO] Job "polling_job (trigger: interval[0:01:00], next run at: 2026-05-15 17:51:26 -03)" executed successfully
2026-05-15 17:51:27,007 [INFO] Running job "polling_job (trigger: interval[0:01:00], next run at: 2026-05-15 17:52:26 -03)" (scheduled at 2026-05-15 17:51:26.987490-03:00)
2026-05-15 17:51:27,007 [INFO] [JOB] Iniciando polling — 2026-05-15T17:51:27.007747
2026-05-15 17:51:28,982 [INFO] [ENQUEUE] reason=new alarmeId=4179451 dispositivo=3 - MTA 1Ac - EXP. AÇOUGUE loja=Meta 21 SM- Loja Calama
2026-05-15 17:51:28,982 [INFO] [JOB] Concluído em 1.98s — total=64 new=1 status_changed=0 duplicate=63 | fila=102
2026-05-15 17:51:28,983 [INFO] Job "polling_job (trigger: interval[0:01:00], next run at: 2026-05-15 17:52:26 -03)" executed successfully
2026-05-15 17:52:27,005 [INFO] Running job "polling_job (trigger: interval[0:01:00], next run at: 2026-05-15 17:53:26 -03)" (scheduled at 2026-05-15 17:52:26.987490-03:00)
2026-05-15 17:52:27,006 [INFO] [JOB] Iniciando polling — 2026-05-15T17:52:27.006121
2026-05-15 17:52:28,812 [INFO] [JOB] Concluído em 1.81s — total=64 new=0 status_changed=0 duplicate=64 | fila=102
2026-05-15 17:52:28,812 [INFO] Job "polling_job (trigger: interval[0:01:00], next run at: 2026-05-15 17:53:26 -03)" executed successfully
2026-05-15 17:53:27,004 [INFO] Running job "polling_job (trigger: interval[0:01:00], next run at: 2026-05-15 17:54:26 -03)" (scheduled at 2026-05-15 17:53:26.987490-03:00)
2026-05-15 17:53:27,004 [INFO] [JOB] Iniciando polling — 2026-05-15T17:53:27.004956
2026-05-15 17:53:28,844 [INFO] [JOB] Concluído em 1.84s — total=64 new=0 status_changed=0 duplicate=64 | fila=102
2026-05-15 17:53:28,845 [INFO] Job "polling_job (trigger: interval[0:01:00], next run at: 2026-05-15 17:54:26 -03)" executed successfully
2026-05-15 17:54:27,004 [INFO] Running job "polling_job (trigger: interval[0:01:00], next run at: 2026-05-15 17:55:26 -03)" (scheduled at 2026-05-15 17:54:26.987490-03:00)
2026-05-15 17:54:27,004 [INFO] [JOB] Iniciando polling — 2026-05-15T17:54:27.004501
2026-05-15 17:54:28,798 [INFO] [JOB] Concluído em 1.79s — total=63 new=0 status_changed=0 duplicate=63 | fila=102
2026-05-15 17:54:28,798 [INFO] Job "polling_job (trigger: interval[0:01:00], next run at: 2026-05-15 17:55:26 -03)" executed successfully
2026-05-15 17:55:27,003 [INFO] Running job "polling_job (trigger: interval[0:01:00], next run at: 2026-05-15 17:56:26 -03)" (scheduled at 2026-05-15 17:55:26.987490-03:00)
2026-05-15 17:55:27,003 [INFO] [JOB] Iniciando polling — 2026-05-15T17:55:27.003635
2026-05-15 17:55:28,803 [INFO] [ENQUEUE] reason=new alarmeId=4179461 dispositivo=4 - MTA-1Bc - EXP. LATICÍNIOS loja=Nabuco
2026-05-15 17:55:28,803 [INFO] [JOB] Concluído em 1.80s — total=64 new=1 status_changed=0 duplicate=63 | fila=103
2026-05-15 17:55:28,803 [INFO] Job "polling_job (trigger: interval[0:01:00], next run at: 2026-05-15 17:56:26 -03)" executed successfully
2026-05-15 17:56:27,002 [INFO] Running job "polling_job (trigger: interval[0:01:00], next run at: 2026-05-15 17:57:26 -03)" (scheduled at 2026-05-15 17:56:26.987490-03:00)
2026-05-15 17:56:27,003 [INFO] [JOB] Iniciando polling — 2026-05-15T17:56:27.003055
2026-05-15 17:56:28,844 [INFO] [ENQUEUE] reason=new alarmeId=4179463 dispositivo=BTA 1A - C.F. CONGELADOS CARNES loja=Sumare Loja 58
2026-05-15 17:56:28,844 [INFO] [JOB] Concluído em 1.84s — total=65 new=1 status_changed=0 duplicate=64 | fila=104
2026-05-15 17:56:28,844 [INFO] Job "polling_job (trigger: interval[0:01:00], next run at: 2026-05-15 17:57:26 -03)" executed successfully
2026-05-15 17:57:26,995 [INFO] Running job "polling_job (trigger: interval[0:01:00], next run at: 2026-05-15 17:58:26 -03)" (scheduled at 2026-05-15 17:57:26.987490-03:00)
2026-05-15 17:57:26,995 [INFO] [JOB] Iniciando polling — 2026-05-15T17:57:26.995399
2026-05-15 17:57:28,844 [INFO] [JOB] Concluído em 1.85s — total=65 new=0 status_changed=0 duplicate=65 | fila=104
2026-05-15 17:57:28,845 [INFO] Job "polling_job (trigger: interval[0:01:00], next run at: 2026-05-15 17:58:26 -03)" executed successfully
2026-05-15 17:58:26,988 [INFO] Running job "polling_job (trigger: interval[0:01:00], next run at: 2026-05-15 17:59:26 -03)" (scheduled at 2026-05-15 17:58:26.987490-03:00)
2026-05-15 17:58:26,988 [INFO] [JOB] Iniciando polling — 2026-05-15T17:58:26.988916
2026-05-15 17:58:28,878 [INFO] [JOB] Concluído em 1.89s — total=65 new=0 status_changed=0 duplicate=65 | fila=104
2026-05-15 17:58:28,878 [INFO] Job "polling_job (trigger: interval[0:01:00], next run at: 2026-05-15 17:59:26 -03)" executed successfully
2026-05-15 17:59:26,993 [INFO] Running job "polling_job (trigger: interval[0:01:00], next run at: 2026-05-15 18:00:26 -03)" (scheduled at 2026-05-15 17:59:26.987490-03:00)
2026-05-15 17:59:26,994 [INFO] [JOB] Iniciando polling — 2026-05-15T17:59:26.994205
2026-05-15 17:59:28,840 [INFO] [JOB] Concluído em 1.85s — total=64 new=0 status_changed=0 duplicate=64 | fila=104
2026-05-15 17:59:28,841 [INFO] Job "polling_job (trigger: interval[0:01:00], next run at: 2026-05-15 18:00:26 -03)" executed successfully
2026-05-15 18:00:26,991 [INFO] Running job "polling_job (trigger: interval[0:01:00], next run at: 2026-05-15 18:01:26 -03)" (scheduled at 2026-05-15 18:00:26.987490-03:00)
2026-05-15 18:00:26,991 [INFO] [JOB] Iniciando polling — 2026-05-15T18:00:26.991299
2026-05-15 18:00:28,838 [INFO] [JOB] Concluído em 1.85s — total=64 new=0 status_changed=0 duplicate=64 | fila=104
2026-05-15 18:00:28,838 [INFO] Job "polling_job (trigger: interval[0:01:00], next run at: 2026-05-15 18:01:26 -03)" executed successfully
2026-05-15 18:01:26,998 [INFO] Running job "polling_job (trigger: interval[0:01:00], next run at: 2026-05-15 18:02:26 -03)" (scheduled at 2026-05-15 18:01:26.987490-03:00)
2026-05-15 18:01:26,999 [INFO] [JOB] Iniciando polling — 2026-05-15T18:01:26.999212
2026-05-15 18:01:28,796 [INFO] [JOB] Concluído em 1.80s — total=63 new=0 status_changed=0 duplicate=63 | fila=104
2026-05-15 18:01:28,796 [INFO] Job "polling_job (trigger: interval[0:01:00], next run at: 2026-05-15 18:02:26 -03)" executed successfully
2026-05-15 18:02:27,008 [INFO] Running job "polling_job (trigger: interval[0:01:00], next run at: 2026-05-15 18:03:26 -03)" (scheduled at 2026-05-15 18:02:26.987490-03:00)
2026-05-15 18:02:27,008 [INFO] [JOB] Iniciando polling — 2026-05-15T18:02:27.008458
2026-05-15 18:02:28,839 [INFO] [ENQUEUE] reason=status_changed alarmeId=4179331 dispositivo=RACK BTA loja=Arco Verde (30)
2026-05-15 18:02:28,840 [INFO] [JOB] Concluído em 1.83s — total=63 new=0 status_changed=1 duplicate=62 | fila=105
2026-05-15 18:02:28,840 [INFO] Job "polling_job (trigger: interval[0:01:00], next run at: 2026-05-15 18:03:26 -03)" executed successfully
2026-05-15 18:03:26,989 [INFO] Running job "polling_job (trigger: interval[0:01:00], next run at: 2026-05-15 18:04:26 -03)" (scheduled at 2026-05-15 18:03:26.987490-03:00)
2026-05-15 18:03:26,989 [INFO] [JOB] Iniciando polling — 2026-05-15T18:03:26.989730
2026-05-15 18:03:28,791 [INFO] [ENQUEUE] reason=new alarmeId=4179479 dispositivo=9 - 2R7 B - Exp. Laticínios loja=Costeira
2026-05-15 18:03:28,792 [INFO] [JOB] Concluído em 1.80s — total=63 new=1 status_changed=0 duplicate=62 | fila=106
2026-05-15 18:03:28,792 [INFO] Job "polling_job (trigger: interval[0:01:00], next run at: 2026-05-15 18:04:26 -03)" executed successfully
2026-05-15 18:04:26,990 [INFO] Running job "polling_job (trigger: interval[0:01:00], next run at: 2026-05-15 18:05:26 -03)" (scheduled at 2026-05-15 18:04:26.987490-03:00)
2026-05-15 18:04:26,990 [INFO] [JOB] Iniciando polling — 2026-05-15T18:04:26.990914
2026-05-15 18:04:28,799 [INFO] [ENQUEUE] reason=new alarmeId=4179480 dispositivo=MTA 2M - PREP. CLIM. CARNES loja=IMIGRANTES ( PORTO VELHO - RO )
2026-05-15 18:04:28,799 [INFO] [ENQUEUE] reason=status_changed alarmeId=4179378 dispositivo=9 - MTA 3N - PREPARO CLIMATIZADO loja=Sertãozinho Loja 60
2026-05-15 18:04:28,800 [INFO] [ENQUEUE] reason=status_changed alarmeId=4179388 dispositivo=MTA-4La - EXP. A.S. SUCOS loja=Loja Monte Alto
2026-05-15 18:04:28,800 [INFO] [JOB] Concluído em 1.81s — total=64 new=1 status_changed=2 duplicate=61 | fila=109
2026-05-15 18:04:28,800 [INFO] Job "polling_job (trigger: interval[0:01:00], next run at: 2026-05-15 18:05:26 -03)" executed successfully
2026-05-15 18:05:27,006 [INFO] Running job "polling_job (trigger: interval[0:01:00], next run at: 2026-05-15 18:06:26 -03)" (scheduled at 2026-05-15 18:05:26.987490-03:00)
2026-05-15 18:05:27,006 [INFO] [JOB] Iniciando polling — 2026-05-15T18:05:27.006275
2026-05-15 18:05:28,807 [INFO] [JOB] Concluído em 1.80s — total=63 new=0 status_changed=0 duplicate=63 | fila=109
2026-05-15 18:05:28,807 [INFO] Job "polling_job (trigger: interval[0:01:00], next run at: 2026-05-15 18:06:26 -03)" executed successfully
2026-05-15 18:06:27,000 [INFO] Running job "polling_job (trigger: interval[0:01:00], next run at: 2026-05-15 18:07:26 -03)" (scheduled at 2026-05-15 18:06:26.987490-03:00)
2026-05-15 18:06:27,000 [INFO] [JOB] Iniciando polling — 2026-05-15T18:06:27.000549
2026-05-15 18:06:29,103 [INFO] [ENQUEUE] reason=new alarmeId=4179486 dispositivo=3 - MTA 2B - C.F. PREPARO CLIM. CARNES loja=Meta 21 SM- Loja Calama
2026-05-15 18:06:29,103 [INFO] [JOB] Concluído em 2.10s — total=64 new=1 status_changed=0 duplicate=63 | fila=110
2026-05-15 18:06:29,104 [INFO] Job "polling_job (trigger: interval[0:01:00], next run at: 2026-05-15 18:07:26 -03)" executed successfully
2026-05-15 18:07:26,990 [INFO] Running job "polling_job (trigger: interval[0:01:00], next run at: 2026-05-15 18:08:26 -03)" (scheduled at 2026-05-15 18:07:26.987490-03:00)
2026-05-15 18:07:26,990 [INFO] [JOB] Iniciando polling — 2026-05-15T18:07:26.990561
2026-05-15 18:07:28,828 [INFO] [ENQUEUE] reason=new alarmeId=4179504 dispositivo=RACK BTA loja=Novo Atacado Garanhuns 
2026-05-15 18:07:28,828 [INFO] [ENQUEUE] reason=new alarmeId=4179505 dispositivo=RACK MTB loja=Parque Verde
2026-05-15 18:07:28,829 [INFO] [ENQUEUE] reason=new alarmeId=4179506 dispositivo=RACK MTB loja=Parque Verde
2026-05-15 18:07:28,829 [INFO] [ENQUEUE] reason=new alarmeId=4179507 dispositivo=RACK MTB loja=Parque Verde
2026-05-15 18:07:28,829 [INFO] [ENQUEUE] reason=status_changed alarmeId=4179293 dispositivo=BTA 1A - C.F.CONGELADOS (1) loja=Sertãozinho Loja 60
2026-05-15 18:07:28,829 [INFO] [JOB] Concluído em 1.84s — total=67 new=4 status_changed=1 duplicate=62 | fila=115
2026-05-15 18:07:28,829 [INFO] Job "polling_job (trigger: interval[0:01:00], next run at: 2026-05-15 18:08:26 -03)" executed successfully
2026-05-15 18:08:27,004 [INFO] Running job "polling_job (trigger: interval[0:01:00], next run at: 2026-05-15 18:09:26 -03)" (scheduled at 2026-05-15 18:08:26.987490-03:00)
2026-05-15 18:08:27,004 [INFO] [JOB] Iniciando polling — 2026-05-15T18:08:27.004303
2026-05-15 18:08:28,799 [INFO] [ENQUEUE] reason=new alarmeId=4179513 dispositivo=ILHA SELF 16 loja=Atacado Cotripal
2026-05-15 18:08:28,800 [INFO] [JOB] Concluído em 1.80s — total=68 new=1 status_changed=0 duplicate=67 | fila=116
2026-05-15 18:08:28,800 [INFO] Job "polling_job (trigger: interval[0:01:00], next run at: 2026-05-15 18:09:26 -03)" executed successfully
2026-05-15 18:09:27,003 [INFO] Running job "polling_job (trigger: interval[0:01:00], next run at: 2026-05-15 18:10:26 -03)" (scheduled at 2026-05-15 18:09:26.987490-03:00)
2026-05-15 18:09:27,003 [INFO] [JOB] Iniciando polling — 2026-05-15T18:09:27.003334
2026-05-15 18:09:28,810 [INFO] [ENQUEUE] reason=new alarmeId=4179516 dispositivo=BTA 1Gb - EXP. CONGELADOS (VHY-18) loja=Parque Verde
2026-05-15 18:09:28,811 [INFO] [JOB] Concluído em 1.81s — total=69 new=1 status_changed=0 duplicate=68 | fila=117
2026-05-15 18:09:28,811 [INFO] Job "polling_job (trigger: interval[0:01:00], next run at: 2026-05-15 18:10:26 -03)" executed successfully
2026-05-15 18:10:26,994 [INFO] Running job "polling_job (trigger: interval[0:01:00], next run at: 2026-05-15 18:11:26 -03)" (scheduled at 2026-05-15 18:10:26.987490-03:00)
2026-05-15 18:10:26,994 [INFO] [JOB] Iniciando polling — 2026-05-15T18:10:26.994747
2026-05-15 18:10:28,813 [INFO] [ENQUEUE] reason=new alarmeId=4179517 dispositivo=Sinal de Vida loja=CD São José 
2026-05-15 18:10:28,813 [INFO] [JOB] Concluído em 1.82s — total=68 new=1 status_changed=0 duplicate=67 | fila=118
2026-05-15 18:10:28,813 [INFO] Job "polling_job (trigger: interval[0:01:00], next run at: 2026-05-15 18:11:26 -03)" executed successfully
2026-05-15 18:11:26,990 [INFO] Running job "polling_job (trigger: interval[0:01:00], next run at: 2026-05-15 18:12:26 -03)" (scheduled at 2026-05-15 18:11:26.987490-03:00)
2026-05-15 18:11:26,991 [INFO] [JOB] Iniciando polling — 2026-05-15T18:11:26.991083
2026-05-15 18:11:28,786 [INFO] [JOB] Concluído em 1.80s — total=68 new=0 status_changed=0 duplicate=68 | fila=118
2026-05-15 18:11:28,786 [INFO] Job "polling_job (trigger: interval[0:01:00], next run at: 2026-05-15 18:12:26 -03)" executed successfully
2026-05-15 18:12:26,989 [INFO] Running job "polling_job (trigger: interval[0:01:00], next run at: 2026-05-15 18:13:26 -03)" (scheduled at 2026-05-15 18:12:26.987490-03:00)
2026-05-15 18:12:26,989 [INFO] [JOB] Iniciando polling — 2026-05-15T18:12:26.989371
2026-05-15 18:12:28,793 [INFO] [JOB] Concluído em 1.80s — total=68 new=0 status_changed=0 duplicate=68 | fila=118
2026-05-15 18:12:28,794 [INFO] Job "polling_job (trigger: interval[0:01:00], next run at: 2026-05-15 18:13:26 -03)" executed successfully
2026-05-15 18:13:26,988 [INFO] Running job "polling_job (trigger: interval[0:01:00], next run at: 2026-05-15 18:14:26 -03)" (scheduled at 2026-05-15 18:13:26.987490-03:00)
2026-05-15 18:13:26,988 [INFO] [JOB] Iniciando polling — 2026-05-15T18:13:26.988745
2026-05-15 18:13:28,808 [INFO] [ENQUEUE] reason=new alarmeId=4179537 dispositivo=BTA 2B - (C.F CONGELADOS) loja=Barretos Loja 15
2026-05-15 18:13:28,808 [INFO] [ENQUEUE] reason=status_changed alarmeId=4179318 dispositivo=Sinal de Vida loja=Paulistão Araraquara Loja 301
2026-05-15 18:13:28,808 [INFO] [JOB] Concluído em 1.82s — total=68 new=1 status_changed=1 duplicate=66 | fila=120
2026-05-15 18:13:28,808 [INFO] Job "polling_job (trigger: interval[0:01:00], next run at: 2026-05-15 18:14:26 -03)" executed successfully
2026-05-15 18:14:27,009 [INFO] Running job "polling_job (trigger: interval[0:01:00], next run at: 2026-05-15 18:15:26 -03)" (scheduled at 2026-05-15 18:14:26.987490-03:00)
2026-05-15 18:14:27,009 [INFO] [JOB] Iniciando polling — 2026-05-15T18:14:27.009407
2026-05-15 18:14:28,817 [INFO] [ENQUEUE] reason=new alarmeId=4179541 dispositivo=UC MT 02 C.F. CARNES loja=Uberaba
2026-05-15 18:14:28,818 [INFO] [JOB] Concluído em 1.81s — total=69 new=1 status_changed=0 duplicate=68 | fila=121
2026-05-15 18:14:28,818 [INFO] Job "polling_job (trigger: interval[0:01:00], next run at: 2026-05-15 18:15:26 -03)" executed successfully
2026-05-15 18:15:27,008 [INFO] Running job "polling_job (trigger: interval[0:01:00], next run at: 2026-05-15 18:16:26 -03)" (scheduled at 2026-05-15 18:15:26.987490-03:00)
2026-05-15 18:15:27,009 [INFO] [JOB] Iniciando polling — 2026-05-15T18:15:27.008994
2026-05-15 18:15:29,716 [INFO] [ENQUEUE] reason=new alarmeId=4179547 dispositivo=11 - MTA 1Ia - Exp. Carnes Emb. loja=Fazenda
2026-05-15 18:15:29,716 [INFO] [JOB] Concluído em 2.71s — total=70 new=1 status_changed=0 duplicate=69 | fila=122
2026-05-15 18:15:29,716 [INFO] Job "polling_job (trigger: interval[0:01:00], next run at: 2026-05-15 18:16:26 -03)" executed successfully
2026-05-15 18:16:26,994 [INFO] Running job "polling_job (trigger: interval[0:01:00], next run at: 2026-05-15 18:17:26 -03)" (scheduled at 2026-05-15 18:16:26.987490-03:00)
2026-05-15 18:16:26,994 [INFO] [JOB] Iniciando polling — 2026-05-15T18:16:26.994637
2026-05-15 18:16:28,814 [INFO] [ENQUEUE] reason=new alarmeId=4179550 dispositivo=MTA1N (1R14) - CF Cozinha loja=Uberaba
2026-05-15 18:16:28,814 [INFO] [JOB] Concluído em 1.82s — total=71 new=1 status_changed=0 duplicate=70 | fila=123
2026-05-15 18:16:28,814 [INFO] Job "polling_job (trigger: interval[0:01:00], next run at: 2026-05-15 18:17:26 -03)" executed successfully
2026-05-15 18:17:26,990 [INFO] Running job "polling_job (trigger: interval[0:01:00], next run at: 2026-05-15 18:18:26 -03)" (scheduled at 2026-05-15 18:17:26.987490-03:00)
2026-05-15 18:17:26,990 [INFO] [JOB] Iniciando polling — 2026-05-15T18:17:26.990325
2026-05-15 18:17:28,837 [INFO] [ENQUEUE] reason=new alarmeId=4179557 dispositivo=12 - MTA 1Ka - EXP. HORTI FRUTI loja=IMIGRANTES ( PORTO VELHO - RO )
2026-05-15 18:17:28,837 [INFO] [ENQUEUE] reason=new alarmeId=4179558 dispositivo=BTA 2A - (C.F CONGELADOS) loja=Barretos Loja 15
2026-05-15 18:17:28,838 [INFO] [JOB] Concluído em 1.85s — total=71 new=2 status_changed=0 duplicate=69 | fila=125
2026-05-15 18:17:28,838 [INFO] Job "polling_job (trigger: interval[0:01:00], next run at: 2026-05-15 18:18:26 -03)" executed successfully
2026-05-15 18:18:27,004 [INFO] Running job "polling_job (trigger: interval[0:01:00], next run at: 2026-05-15 18:19:26 -03)" (scheduled at 2026-05-15 18:18:26.987490-03:00)
2026-05-15 18:18:27,005 [INFO] [JOB] Iniciando polling — 2026-05-15T18:18:27.005142
2026-05-15 18:18:28,820 [INFO] [ENQUEUE] reason=new alarmeId=4179564 dispositivo=12 - MTA 2K/2L - C.F. CARNES loja=Meta 21 SM- Loja Calama
2026-05-15 18:18:28,820 [INFO] [JOB] Concluído em 1.82s — total=71 new=1 status_changed=0 duplicate=70 | fila=126
2026-05-15 18:18:28,820 [INFO] Job "polling_job (trigger: interval[0:01:00], next run at: 2026-05-15 18:19:26 -03)" executed successfully
2026-05-15 18:19:26,989 [INFO] Running job "polling_job (trigger: interval[0:01:00], next run at: 2026-05-15 18:20:26 -03)" (scheduled at 2026-05-15 18:19:26.987490-03:00)
2026-05-15 18:19:26,989 [INFO] [JOB] Iniciando polling — 2026-05-15T18:19:26.989811
2026-05-15 18:19:28,832 [INFO] [JOB] Concluído em 1.84s — total=71 new=0 status_changed=0 duplicate=71 | fila=126
2026-05-15 18:19:28,833 [INFO] Job "polling_job (trigger: interval[0:01:00], next run at: 2026-05-15 18:20:26 -03)" executed successfully
2026-05-15 18:20:26,992 [INFO] Running job "polling_job (trigger: interval[0:01:00], next run at: 2026-05-15 18:21:26 -03)" (scheduled at 2026-05-15 18:20:26.987490-03:00)
2026-05-15 18:20:26,992 [INFO] [JOB] Iniciando polling — 2026-05-15T18:20:26.992763
2026-05-15 18:20:28,857 [INFO] [JOB] Concluído em 1.86s — total=71 new=0 status_changed=0 duplicate=71 | fila=126
2026-05-15 18:20:28,857 [INFO] Job "polling_job (trigger: interval[0:01:00], next run at: 2026-05-15 18:21:26 -03)" executed successfully
2026-05-15 18:21:27,004 [INFO] Running job "polling_job (trigger: interval[0:01:00], next run at: 2026-05-15 18:22:26 -03)" (scheduled at 2026-05-15 18:21:26.987490-03:00)
2026-05-15 18:21:27,004 [INFO] [JOB] Iniciando polling — 2026-05-15T18:21:27.004544
2026-05-15 18:21:28,837 [INFO] [JOB] Concluído em 1.83s — total=71 new=0 status_changed=0 duplicate=71 | fila=126
2026-05-15 18:21:28,838 [INFO] Job "polling_job (trigger: interval[0:01:00], next run at: 2026-05-15 18:22:26 -03)" executed successfully
2026-05-15 18:22:27,003 [INFO] Running job "polling_job (trigger: interval[0:01:00], next run at: 2026-05-15 18:23:26 -03)" (scheduled at 2026-05-15 18:22:26.987490-03:00)
2026-05-15 18:22:27,003 [INFO] [JOB] Iniciando polling — 2026-05-15T18:22:27.003637
2026-05-15 18:22:28,848 [INFO] [ENQUEUE] reason=new alarmeId=4179582 dispositivo=9 - 2R7 B - Exp. Laticínios loja=Costeira
2026-05-15 18:22:28,848 [INFO] [ENQUEUE] reason=status_changed alarmeId=4179378 dispositivo=9 - MTA 3N - PREPARO CLIMATIZADO loja=Sertãozinho Loja 60
2026-05-15 18:22:28,848 [INFO] [JOB] Concluído em 1.84s — total=72 new=1 status_changed=1 duplicate=70 | fila=128
2026-05-15 18:22:28,848 [INFO] Job "polling_job (trigger: interval[0:01:00], next run at: 2026-05-15 18:23:26 -03)" executed successfully
2026-05-15 18:23:27,003 [INFO] Running job "polling_job (trigger: interval[0:01:00], next run at: 2026-05-15 18:24:26 -03)" (scheduled at 2026-05-15 18:23:26.987490-03:00)
2026-05-15 18:23:27,003 [INFO] [JOB] Iniciando polling — 2026-05-15T18:23:27.003629
2026-05-15 18:23:28,859 [INFO] [JOB] Concluído em 1.86s — total=71 new=0 status_changed=0 duplicate=71 | fila=128
2026-05-15 18:23:28,859 [INFO] Job "polling_job (trigger: interval[0:01:00], next run at: 2026-05-15 18:24:26 -03)" executed successfully
2026-05-15 18:24:26,995 [INFO] Running job "polling_job (trigger: interval[0:01:00], next run at: 2026-05-15 18:25:26 -03)" (scheduled at 2026-05-15 18:24:26.987490-03:00)
2026-05-15 18:24:26,996 [INFO] [JOB] Iniciando polling — 2026-05-15T18:24:26.996158
2026-05-15 18:24:28,804 [INFO] [JOB] Concluído em 1.81s — total=71 new=0 status_changed=0 duplicate=71 | fila=128
2026-05-15 18:24:28,804 [INFO] Job "polling_job (trigger: interval[0:01:00], next run at: 2026-05-15 18:25:26 -03)" executed successfully
2026-05-15 18:25:26,992 [INFO] Running job "polling_job (trigger: interval[0:01:00], next run at: 2026-05-15 18:26:26 -03)" (scheduled at 2026-05-15 18:25:26.987490-03:00)
2026-05-15 18:25:26,992 [INFO] [JOB] Iniciando polling — 2026-05-15T18:25:26.992450
2026-05-15 18:25:28,807 [INFO] [ENQUEUE] reason=new alarmeId=4179600 dispositivo=4 - MTA-1Bc - EXP. LATICÍNIOS loja=Nabuco
2026-05-15 18:25:28,807 [INFO] [JOB] Concluído em 1.82s — total=71 new=1 status_changed=0 duplicate=70 | fila=129
2026-05-15 18:25:28,807 [INFO] Job "polling_job (trigger: interval[0:01:00], next run at: 2026-05-15 18:26:26 -03)" executed successfully
2026-05-15 18:26:26,992 [INFO] Running job "polling_job (trigger: interval[0:01:00], next run at: 2026-05-15 18:27:26 -03)" (scheduled at 2026-05-15 18:26:26.987490-03:00)
2026-05-15 18:26:26,992 [INFO] [JOB] Iniciando polling — 2026-05-15T18:26:26.992887
2026-05-15 18:26:29,022 [INFO] [ENQUEUE] reason=new alarmeId=4179605 dispositivo=BTA-1G - Exp. Congelados loja=BR 277
2026-05-15 18:26:29,023 [INFO] [JOB] Concluído em 2.03s — total=72 new=1 status_changed=0 duplicate=71 | fila=130
2026-05-15 18:26:29,023 [INFO] Job "polling_job (trigger: interval[0:01:00], next run at: 2026-05-15 18:27:26 -03)" executed successfully
2026-05-15 18:27:26,999 [INFO] Running job "polling_job (trigger: interval[0:01:00], next run at: 2026-05-15 18:28:26 -03)" (scheduled at 2026-05-15 18:27:26.987490-03:00)
2026-05-15 18:27:26,999 [INFO] [JOB] Iniciando polling — 2026-05-15T18:27:26.999746
2026-05-15 18:27:28,801 [INFO] [ENQUEUE] reason=new alarmeId=4179613 dispositivo=UC BTC loja=LEVE ALIMENTOS 
2026-05-15 18:27:28,801 [INFO] [ENQUEUE] reason=new alarmeId=4179614 dispositivo=1C5 - CF. Congelados loja=São Marcos
2026-05-15 18:27:28,802 [INFO] [JOB] Concluído em 1.80s — total=73 new=2 status_changed=0 duplicate=71 | fila=132
2026-05-15 18:27:28,802 [INFO] Job "polling_job (trigger: interval[0:01:00], next run at: 2026-05-15 18:28:26 -03)" executed successfully
2026-05-15 18:28:26,990 [INFO] Running job "polling_job (trigger: interval[0:01:00], next run at: 2026-05-15 18:29:26 -03)" (scheduled at 2026-05-15 18:28:26.987490-03:00)
2026-05-15 18:28:26,991 [INFO] [JOB] Iniciando polling — 2026-05-15T18:28:26.991140
2026-05-15 18:28:28,845 [INFO] [ENQUEUE] reason=new alarmeId=4179615 dispositivo=RACK DESCARGA ÚNICA loja=Sítio Cercado
2026-05-15 18:28:28,845 [INFO] [JOB] Concluído em 1.85s — total=73 new=1 status_changed=0 duplicate=72 | fila=133
2026-05-15 18:28:28,845 [INFO] Job "polling_job (trigger: interval[0:01:00], next run at: 2026-05-15 18:29:26 -03)" executed successfully
2026-05-15 18:29:26,989 [INFO] Running job "polling_job (trigger: interval[0:01:00], next run at: 2026-05-15 18:30:26 -03)" (scheduled at 2026-05-15 18:29:26.987490-03:00)
2026-05-15 18:29:26,989 [INFO] [JOB] Iniciando polling — 2026-05-15T18:29:26.989410
2026-05-15 18:29:28,854 [INFO] [ENQUEUE] reason=new alarmeId=4179618 dispositivo=9 - MTA-3D - EXP. A.S. BACALHAU loja=Tibiriça Loja 61
2026-05-15 18:29:28,854 [INFO] [JOB] Concluído em 1.87s — total=74 new=1 status_changed=0 duplicate=73 | fila=134
2026-05-15 18:29:28,854 [INFO] Job "polling_job (trigger: interval[0:01:00], next run at: 2026-05-15 18:30:26 -03)" executed successfully
2026-05-15 18:30:26,988 [INFO] Running job "polling_job (trigger: interval[0:01:00], next run at: 2026-05-15 18:31:26 -03)" (scheduled at 2026-05-15 18:30:26.987490-03:00)
2026-05-15 18:30:26,988 [INFO] [JOB] Iniciando polling — 2026-05-15T18:30:26.988739
2026-05-15 18:30:28,926 [INFO] [ENQUEUE] reason=new alarmeId=4179621 dispositivo=5 - MTA-3Ba - EXP. AT. FRIOS loja=Tibiriça Loja 61
2026-05-15 18:30:28,926 [INFO] [JOB] Concluído em 1.94s — total=75 new=1 status_changed=0 duplicate=74 | fila=135
2026-05-15 18:30:28,926 [INFO] Job "polling_job (trigger: interval[0:01:00], next run at: 2026-05-15 18:31:26 -03)" executed successfully
2026-05-15 18:31:27,000 [INFO] Running job "polling_job (trigger: interval[0:01:00], next run at: 2026-05-15 18:32:26 -03)" (scheduled at 2026-05-15 18:31:26.987490-03:00)
2026-05-15 18:31:27,000 [INFO] [JOB] Iniciando polling — 2026-05-15T18:31:27.000983
2026-05-15 18:31:29,046 [INFO] [JOB] Concluído em 2.05s — total=75 new=0 status_changed=0 duplicate=75 | fila=135
2026-05-15 18:31:29,047 [INFO] Job "polling_job (trigger: interval[0:01:00], next run at: 2026-05-15 18:32:26 -03)" executed successfully
2026-05-15 18:32:26,999 [INFO] Running job "polling_job (trigger: interval[0:01:00], next run at: 2026-05-15 18:33:26 -03)" (scheduled at 2026-05-15 18:32:26.987490-03:00)
2026-05-15 18:32:26,999 [INFO] [JOB] Iniciando polling — 2026-05-15T18:32:26.999742
2026-05-15 18:32:28,886 [INFO] [ENQUEUE] reason=new alarmeId=4179627 dispositivo=2 - MTA 1B - C.F. Cozinha loja=Comper 104 - Cuiabá - MT
2026-05-15 18:32:28,886 [INFO] [JOB] Concluído em 1.89s — total=76 new=1 status_changed=0 duplicate=75 | fila=136
2026-05-15 18:32:28,886 [INFO] Job "polling_job (trigger: interval[0:01:00], next run at: 2026-05-15 18:33:26 -03)" executed successfully
2026-05-15 18:33:26,993 [INFO] Running job "polling_job (trigger: interval[0:01:00], next run at: 2026-05-15 18:34:26 -03)" (scheduled at 2026-05-15 18:33:26.987490-03:00)
2026-05-15 18:33:26,994 [INFO] [JOB] Iniciando polling — 2026-05-15T18:33:26.994060
2026-05-15 18:33:28,974 [INFO] [JOB] Concluído em 1.98s — total=75 new=0 status_changed=0 duplicate=75 | fila=136
2026-05-15 18:33:28,974 [INFO] Job "polling_job (trigger: interval[0:01:00], next run at: 2026-05-15 18:34:26 -03)" executed successfully
2026-05-15 18:34:26,999 [INFO] Running job "polling_job (trigger: interval[0:01:00], next run at: 2026-05-15 18:35:26 -03)" (scheduled at 2026-05-15 18:34:26.987490-03:00)
2026-05-15 18:34:26,999 [INFO] [JOB] Iniciando polling — 2026-05-15T18:34:26.999949
2026-05-15 18:34:28,834 [INFO] [JOB] Concluído em 1.83s — total=75 new=0 status_changed=0 duplicate=75 | fila=136
2026-05-15 18:34:28,834 [INFO] Job "polling_job (trigger: interval[0:01:00], next run at: 2026-05-15 18:35:26 -03)" executed successfully
2026-05-15 18:35:27,003 [INFO] Running job "polling_job (trigger: interval[0:01:00], next run at: 2026-05-15 18:36:26 -03)" (scheduled at 2026-05-15 18:35:26.987490-03:00)
2026-05-15 18:35:27,004 [INFO] [JOB] Iniciando polling — 2026-05-15T18:35:27.004153
2026-05-15 18:35:29,009 [INFO] [ENQUEUE] reason=new alarmeId=4179637 dispositivo=2 - MTA-1Ga - EXP.A.S. CARNES EMBALDAS loja=Sertãozinho Loja 308
2026-05-15 18:35:29,009 [INFO] [JOB] Concluído em 2.01s — total=76 new=1 status_changed=0 duplicate=75 | fila=137
2026-05-15 18:35:29,009 [INFO] Job "polling_job (trigger: interval[0:01:00], next run at: 2026-05-15 18:36:26 -03)" executed successfully
2026-05-15 18:36:26,994 [INFO] Running job "polling_job (trigger: interval[0:01:00], next run at: 2026-05-15 18:37:26 -03)" (scheduled at 2026-05-15 18:36:26.987490-03:00)
2026-05-15 18:36:26,995 [INFO] [JOB] Iniciando polling — 2026-05-15T18:36:26.995225
2026-05-15 18:36:28,865 [INFO] [ENQUEUE] reason=new alarmeId=4179645 dispositivo=UC BTB LC 404 loja=Carazinho
2026-05-15 18:36:28,865 [INFO] [JOB] Concluído em 1.87s — total=77 new=1 status_changed=0 duplicate=76 | fila=138
2026-05-15 18:36:28,866 [INFO] Job "polling_job (trigger: interval[0:01:00], next run at: 2026-05-15 18:37:26 -03)" executed successfully
2026-05-15 18:37:27,002 [INFO] Running job "polling_job (trigger: interval[0:01:00], next run at: 2026-05-15 18:38:26 -03)" (scheduled at 2026-05-15 18:37:26.987490-03:00)
2026-05-15 18:37:27,002 [INFO] [JOB] Iniciando polling — 2026-05-15T18:37:27.002549
2026-05-15 18:37:28,838 [INFO] [JOB] Concluído em 1.84s — total=76 new=0 status_changed=0 duplicate=76 | fila=138
2026-05-15 18:37:28,838 [INFO] Job "polling_job (trigger: interval[0:01:00], next run at: 2026-05-15 18:38:26 -03)" executed successfully
2026-05-15 18:38:26,990 [INFO] Running job "polling_job (trigger: interval[0:01:00], next run at: 2026-05-15 18:39:26 -03)" (scheduled at 2026-05-15 18:38:26.987490-03:00)
2026-05-15 18:38:26,990 [INFO] [JOB] Iniciando polling — 2026-05-15T18:38:26.990462
2026-05-15 18:38:28,924 [INFO] [ENQUEUE] reason=new alarmeId=4179654 dispositivo=BTA-3A - CF. CONG1 loja=Fort 130 - SCS
2026-05-15 18:38:28,924 [INFO] [JOB] Concluído em 1.93s — total=77 new=1 status_changed=0 duplicate=76 | fila=139
2026-05-15 18:38:28,924 [INFO] Job "polling_job (trigger: interval[0:01:00], next run at: 2026-05-15 18:39:26 -03)" executed successfully
2026-05-15 18:39:26,994 [INFO] Running job "polling_job (trigger: interval[0:01:00], next run at: 2026-05-15 18:40:26 -03)" (scheduled at 2026-05-15 18:39:26.987490-03:00)
2026-05-15 18:39:26,994 [INFO] [JOB] Iniciando polling — 2026-05-15T18:39:26.994882
2026-05-15 18:39:28,820 [INFO] [ENQUEUE] reason=status_changed alarmeId=4179435 dispositivo=BTA 1Ea - EXP. CONGELADOS (VHY-18) loja=Parque Verde
2026-05-15 18:39:28,820 [INFO] [JOB] Concluído em 1.83s — total=77 new=0 status_changed=1 duplicate=76 | fila=140
2026-05-15 18:39:28,820 [INFO] Job "polling_job (trigger: interval[0:01:00], next run at: 2026-05-15 18:40:26 -03)" executed successfully
2026-05-15 18:40:27,003 [INFO] Running job "polling_job (trigger: interval[0:01:00], next run at: 2026-05-15 18:41:26 -03)" (scheduled at 2026-05-15 18:40:26.987490-03:00)
2026-05-15 18:40:27,003 [INFO] [JOB] Iniciando polling — 2026-05-15T18:40:27.003827
2026-05-15 18:40:28,950 [INFO] [JOB] Concluído em 1.95s — total=77 new=0 status_changed=0 duplicate=77 | fila=140
2026-05-15 18:40:28,950 [INFO] Job "polling_job (trigger: interval[0:01:00], next run at: 2026-05-15 18:41:26 -03)" executed successfully
2026-05-15 18:41:26,988 [INFO] Running job "polling_job (trigger: interval[0:01:00], next run at: 2026-05-15 18:42:26 -03)" (scheduled at 2026-05-15 18:41:26.987490-03:00)
2026-05-15 18:41:26,988 [INFO] [JOB] Iniciando polling — 2026-05-15T18:41:26.988703
2026-05-15 18:41:28,845 [INFO] [ENQUEUE] reason=new alarmeId=4179664 dispositivo=5 - MTA-1Hb - EXP.A.S. CARNES EMBALDAS loja=Sertãozinho Loja 308
2026-05-15 18:41:28,845 [INFO] [JOB] Concluído em 1.86s — total=78 new=1 status_changed=0 duplicate=77 | fila=141
2026-05-15 18:41:28,845 [INFO] Job "polling_job (trigger: interval[0:01:00], next run at: 2026-05-15 18:42:26 -03)" executed successfully
2026-05-15 18:42:26,991 [INFO] Running job "polling_job (trigger: interval[0:01:00], next run at: 2026-05-15 18:43:26 -03)" (scheduled at 2026-05-15 18:42:26.987490-03:00)
2026-05-15 18:42:26,991 [INFO] [JOB] Iniciando polling — 2026-05-15T18:42:26.991585
2026-05-15 18:42:28,797 [INFO] [ENQUEUE] reason=new alarmeId=4179665 dispositivo=BTA 1Gc - EXP. CONGELADOS (VHY-18) loja=Parque Verde
2026-05-15 18:42:28,797 [INFO] [ENQUEUE] reason=status_changed alarmeId=4179550 dispositivo=MTA1N (1R14) - CF Cozinha loja=Uberaba
2026-05-15 18:42:28,797 [INFO] [ENQUEUE] reason=status_changed alarmeId=4179564 dispositivo=12 - MTA 2K/2L - C.F. CARNES loja=Meta 21 SM- Loja Calama
2026-05-15 18:42:28,797 [INFO] [ENQUEUE] reason=status_changed alarmeId=4179605 dispositivo=BTA-1G - Exp. Congelados loja=BR 277
2026-05-15 18:42:28,798 [INFO] [ENQUEUE] reason=status_changed alarmeId=4179614 dispositivo=1C5 - CF. Congelados loja=São Marcos
2026-05-15 18:42:28,798 [INFO] [ENQUEUE] reason=status_changed alarmeId=4179618 dispositivo=9 - MTA-3D - EXP. A.S. BACALHAU loja=Tibiriça Loja 61
2026-05-15 18:42:28,798 [INFO] [ENQUEUE] reason=status_changed alarmeId=4179637 dispositivo=2 - MTA-1Ga - EXP.A.S. CARNES EMBALDAS loja=Sertãozinho Loja 308
2026-05-15 18:42:28,798 [INFO] [ENQUEUE] reason=status_changed alarmeId=4179621 dispositivo=5 - MTA-3Ba - EXP. AT. FRIOS loja=Tibiriça Loja 61
2026-05-15 18:42:28,798 [INFO] [JOB] Concluído em 1.81s — total=78 new=1 status_changed=7 duplicate=70 | fila=149
2026-05-15 18:42:28,798 [INFO] Job "polling_job (trigger: interval[0:01:00], next run at: 2026-05-15 18:43:26 -03)" executed successfully
2026-05-15 18:43:26,994 [INFO] Running job "polling_job (trigger: interval[0:01:00], next run at: 2026-05-15 18:44:26 -03)" (scheduled at 2026-05-15 18:43:26.987490-03:00)
2026-05-15 18:43:26,994 [INFO] [JOB] Iniciando polling — 2026-05-15T18:43:26.994351
2026-05-15 18:43:28,798 [INFO] [ENQUEUE] reason=new alarmeId=4179669 dispositivo=BTA 1Ba - EXP. CONGELADOS (VHIC-18 T) loja=Parque Verde
2026-05-15 18:43:28,798 [INFO] [JOB] Concluído em 1.80s — total=79 new=1 status_changed=0 duplicate=78 | fila=150
2026-05-15 18:43:28,798 [INFO] Job "polling_job (trigger: interval[0:01:00], next run at: 2026-05-15 18:44:26 -03)" executed successfully
2026-05-15 18:44:27,011 [INFO] Running job "polling_job (trigger: interval[0:01:00], next run at: 2026-05-15 18:45:26 -03)" (scheduled at 2026-05-15 18:44:26.987490-03:00)
2026-05-15 18:44:27,011 [INFO] [JOB] Iniciando polling — 2026-05-15T18:44:27.011307
2026-05-15 18:44:28,844 [INFO] [ENQUEUE] reason=status_changed alarmeId=4179513 dispositivo=ILHA SELF 16 loja=Atacado Cotripal
2026-05-15 18:44:28,844 [INFO] [JOB] Concluído em 1.83s — total=79 new=0 status_changed=1 duplicate=78 | fila=151
2026-05-15 18:44:28,844 [INFO] Job "polling_job (trigger: interval[0:01:00], next run at: 2026-05-15 18:45:26 -03)" executed successfully
2026-05-15 18:45:27,005 [INFO] Running job "polling_job (trigger: interval[0:01:00], next run at: 2026-05-15 18:46:26 -03)" (scheduled at 2026-05-15 18:45:26.987490-03:00)
2026-05-15 18:45:27,005 [INFO] [JOB] Iniciando polling — 2026-05-15T18:45:27.005360
2026-05-15 18:45:28,821 [INFO] [JOB] Concluído em 1.82s — total=79 new=0 status_changed=0 duplicate=79 | fila=151
2026-05-15 18:45:28,821 [INFO] Job "polling_job (trigger: interval[0:01:00], next run at: 2026-05-15 18:46:26 -03)" executed successfully
2026-05-15 18:46:26,991 [INFO] Running job "polling_job (trigger: interval[0:01:00], next run at: 2026-05-15 18:47:26 -03)" (scheduled at 2026-05-15 18:46:26.987490-03:00)
2026-05-15 18:46:26,991 [INFO] [JOB] Iniciando polling — 2026-05-15T18:46:26.991640
2026-05-15 18:46:28,806 [INFO] [JOB] Concluído em 1.82s — total=79 new=0 status_changed=0 duplicate=79 | fila=151
2026-05-15 18:46:28,807 [INFO] Job "polling_job (trigger: interval[0:01:00], next run at: 2026-05-15 18:47:26 -03)" executed successfully
2026-05-15 18:47:26,991 [INFO] Running job "polling_job (trigger: interval[0:01:00], next run at: 2026-05-15 18:48:26 -03)" (scheduled at 2026-05-15 18:47:26.987490-03:00)
2026-05-15 18:47:26,991 [INFO] [JOB] Iniciando polling — 2026-05-15T18:47:26.991836
2026-05-15 18:47:28,804 [INFO] [JOB] Concluído em 1.81s — total=79 new=0 status_changed=0 duplicate=79 | fila=151
2026-05-15 18:47:28,804 [INFO] Job "polling_job (trigger: interval[0:01:00], next run at: 2026-05-15 18:48:26 -03)" executed successfully
2026-05-15 18:48:26,989 [INFO] Running job "polling_job (trigger: interval[0:01:00], next run at: 2026-05-15 18:49:26 -03)" (scheduled at 2026-05-15 18:48:26.987490-03:00)
2026-05-15 18:48:26,989 [INFO] [JOB] Iniciando polling — 2026-05-15T18:48:26.989449
2026-05-15 18:48:28,829 [INFO] [ENQUEUE] reason=new alarmeId=4179683 dispositivo=BTA-3B - CF. CONG 1 loja=Fort 130 - SCS
2026-05-15 18:48:28,829 [INFO] [JOB] Concluído em 1.84s — total=80 new=1 status_changed=0 duplicate=79 | fila=152
2026-05-15 18:48:28,829 [INFO] Job "polling_job (trigger: interval[0:01:00], next run at: 2026-05-15 18:49:26 -03)" executed successfully
2026-05-15 18:49:27,007 [INFO] Running job "polling_job (trigger: interval[0:01:00], next run at: 2026-05-15 18:50:26 -03)" (scheduled at 2026-05-15 18:49:26.987490-03:00)
2026-05-15 18:49:27,007 [INFO] [JOB] Iniciando polling — 2026-05-15T18:49:27.007436
2026-05-15 18:49:28,874 [INFO] [ENQUEUE] reason=new alarmeId=4179687 dispositivo=BTA-2A - CF. CONG 1 loja=Fort 130 - SCS
2026-05-15 18:49:28,874 [INFO] [JOB] Concluído em 1.87s — total=81 new=1 status_changed=0 duplicate=80 | fila=153
2026-05-15 18:49:28,875 [INFO] Job "polling_job (trigger: interval[0:01:00], next run at: 2026-05-15 18:50:26 -03)" executed successfully
2026-05-15 18:50:26,993 [INFO] Running job "polling_job (trigger: interval[0:01:00], next run at: 2026-05-15 18:51:26 -03)" (scheduled at 2026-05-15 18:50:26.987490-03:00)
2026-05-15 18:50:26,994 [INFO] [JOB] Iniciando polling — 2026-05-15T18:50:26.994208
2026-05-15 18:50:30,250 [INFO] [JOB] Concluído em 3.26s — total=81 new=0 status_changed=0 duplicate=81 | fila=153
2026-05-15 18:50:30,250 [INFO] Job "polling_job (trigger: interval[0:01:00], next run at: 2026-05-15 18:51:26 -03)" executed successfully
2026-05-15 18:51:26,996 [INFO] Running job "polling_job (trigger: interval[0:01:00], next run at: 2026-05-15 18:52:26 -03)" (scheduled at 2026-05-15 18:51:26.987490-03:00)
2026-05-15 18:51:26,996 [INFO] [JOB] Iniciando polling — 2026-05-15T18:51:26.996744
2026-05-15 18:51:28,826 [INFO] [JOB] Concluído em 1.83s — total=81 new=0 status_changed=0 duplicate=81 | fila=153
2026-05-15 18:51:28,826 [INFO] Job "polling_job (trigger: interval[0:01:00], next run at: 2026-05-15 18:52:26 -03)" executed successfully
2026-05-15 18:52:27,005 [INFO] Running job "polling_job (trigger: interval[0:01:00], next run at: 2026-05-15 18:53:26 -03)" (scheduled at 2026-05-15 18:52:26.987490-03:00)
2026-05-15 18:52:27,005 [INFO] [JOB] Iniciando polling — 2026-05-15T18:52:27.005322
2026-05-15 18:52:28,851 [INFO] [JOB] Concluído em 1.85s — total=81 new=0 status_changed=0 duplicate=81 | fila=153
2026-05-15 18:52:28,851 [INFO] Job "polling_job (trigger: interval[0:01:00], next run at: 2026-05-15 18:53:26 -03)" executed successfully
2026-05-15 18:53:26,989 [INFO] Running job "polling_job (trigger: interval[0:01:00], next run at: 2026-05-15 18:54:26 -03)" (scheduled at 2026-05-15 18:53:26.987490-03:00)
2026-05-15 18:53:26,989 [INFO] [JOB] Iniciando polling — 2026-05-15T18:53:26.989779
2026-05-15 18:53:28,834 [INFO] [JOB] Concluído em 1.84s — total=81 new=0 status_changed=0 duplicate=81 | fila=153
2026-05-15 18:53:28,834 [INFO] Job "polling_job (trigger: interval[0:01:00], next run at: 2026-05-15 18:54:26 -03)" executed successfully
2026-05-15 18:54:26,997 [INFO] Running job "polling_job (trigger: interval[0:01:00], next run at: 2026-05-15 18:55:26 -03)" (scheduled at 2026-05-15 18:54:26.987490-03:00)
2026-05-15 18:54:26,997 [INFO] [JOB] Iniciando polling — 2026-05-15T18:54:26.997268
2026-05-15 18:54:28,827 [INFO] [JOB] Concluído em 1.83s — total=81 new=0 status_changed=0 duplicate=81 | fila=153
2026-05-15 18:54:28,827 [INFO] Job "polling_job (trigger: interval[0:01:00], next run at: 2026-05-15 18:55:26 -03)" executed successfully
2026-05-15 18:55:26,990 [INFO] Running job "polling_job (trigger: interval[0:01:00], next run at: 2026-05-15 18:56:26 -03)" (scheduled at 2026-05-15 18:55:26.987490-03:00)
2026-05-15 18:55:26,990 [INFO] [JOB] Iniciando polling — 2026-05-15T18:55:26.990939
2026-05-15 18:55:28,818 [INFO] [ENQUEUE] reason=new alarmeId=4179703 dispositivo=BTA-3A - CF. CONG1 loja=Fort 130 - SCS
2026-05-15 18:55:28,818 [INFO] [ENQUEUE] reason=new alarmeId=4179706 dispositivo=MTA-2J - PREP. CLIM. FRANGOS loja=Loja Monte Alto
2026-05-15 18:55:28,819 [INFO] [JOB] Concluído em 1.83s — total=83 new=2 status_changed=0 duplicate=81 | fila=155
2026-05-15 18:55:28,819 [INFO] Job "polling_job (trigger: interval[0:01:00], next run at: 2026-05-15 18:56:26 -03)" executed successfully
2026-05-15 18:56:26,990 [INFO] Running job "polling_job (trigger: interval[0:01:00], next run at: 2026-05-15 18:57:26 -03)" (scheduled at 2026-05-15 18:56:26.987490-03:00)
2026-05-15 18:56:26,990 [INFO] [JOB] Iniciando polling — 2026-05-15T18:56:26.990341
2026-05-15 18:56:28,834 [INFO] [JOB] Concluído em 1.84s — total=83 new=0 status_changed=0 duplicate=83 | fila=155
2026-05-15 18:56:28,834 [INFO] Job "polling_job (trigger: interval[0:01:00], next run at: 2026-05-15 18:57:26 -03)" executed successfully
2026-05-15 18:57:26,993 [INFO] Running job "polling_job (trigger: interval[0:01:00], next run at: 2026-05-15 18:58:26 -03)" (scheduled at 2026-05-15 18:57:26.987490-03:00)
2026-05-15 18:57:26,993 [INFO] [JOB] Iniciando polling — 2026-05-15T18:57:26.993339
2026-05-15 18:57:28,849 [INFO] [JOB] Concluído em 1.86s — total=83 new=0 status_changed=0 duplicate=83 | fila=155
2026-05-15 18:57:28,849 [INFO] Job "polling_job (trigger: interval[0:01:00], next run at: 2026-05-15 18:58:26 -03)" executed successfully
2026-05-15 18:58:27,000 [INFO] Running job "polling_job (trigger: interval[0:01:00], next run at: 2026-05-15 18:59:26 -03)" (scheduled at 2026-05-15 18:58:26.987490-03:00)
2026-05-15 18:58:27,001 [INFO] [JOB] Iniciando polling — 2026-05-15T18:58:27.000995
2026-05-15 18:58:28,891 [INFO] [JOB] Concluído em 1.89s — total=79 new=0 status_changed=0 duplicate=79 | fila=155
2026-05-15 18:58:28,891 [INFO] Job "polling_job (trigger: interval[0:01:00], next run at: 2026-05-15 18:59:26 -03)" executed successfully
2026-05-15 18:59:27,009 [INFO] Running job "polling_job (trigger: interval[0:01:00], next run at: 2026-05-15 19:00:26 -03)" (scheduled at 2026-05-15 18:59:26.987490-03:00)
2026-05-15 18:59:27,010 [INFO] [JOB] Iniciando polling — 2026-05-15T18:59:27.010219
2026-05-15 18:59:28,814 [INFO] [ENQUEUE] reason=new alarmeId=4179727 dispositivo=SUB RACK BT loja=Afonso Pena 
2026-05-15 18:59:28,814 [INFO] [ENQUEUE] reason=new alarmeId=4179728 dispositivo=BTA 1C - EXP. VPSK-18 loja=Afonso Pena 
2026-05-15 18:59:28,814 [INFO] [JOB] Concluído em 1.80s — total=81 new=2 status_changed=0 duplicate=79 | fila=157
2026-05-15 18:59:28,814 [INFO] Job "polling_job (trigger: interval[0:01:00], next run at: 2026-05-15 19:00:26 -03)" executed successfully
2026-05-15 19:00:26,992 [INFO] Running job "polling_job (trigger: interval[0:01:00], next run at: 2026-05-15 19:01:26 -03)" (scheduled at 2026-05-15 19:00:26.987490-03:00)
2026-05-15 19:00:26,993 [INFO] [JOB] Iniciando polling — 2026-05-15T19:00:26.993207
2026-05-15 19:00:29,173 [INFO] [ENQUEUE] reason=new alarmeId=4179738 dispositivo=BTA 1I - CF. CONGELADOS (09) loja=Afonso Pena 
2026-05-15 19:00:29,173 [INFO] [ENQUEUE] reason=status_changed alarmeId=4179505 dispositivo=RACK MTB loja=Parque Verde
2026-05-15 19:00:29,173 [INFO] [ENQUEUE] reason=status_changed alarmeId=4179506 dispositivo=RACK MTB loja=Parque Verde
2026-05-15 19:00:29,174 [INFO] [ENQUEUE] reason=status_changed alarmeId=4179507 dispositivo=RACK MTB loja=Parque Verde
2026-05-15 19:00:29,174 [INFO] [JOB] Concluído em 2.18s — total=81 new=1 status_changed=3 duplicate=77 | fila=161
2026-05-15 19:00:29,174 [INFO] Job "polling_job (trigger: interval[0:01:00], next run at: 2026-05-15 19:01:26 -03)" executed successfully
2026-05-15 19:01:27,008 [INFO] Running job "polling_job (trigger: interval[0:01:00], next run at: 2026-05-15 19:02:26 -03)" (scheduled at 2026-05-15 19:01:26.987490-03:00)
2026-05-15 19:01:27,008 [INFO] [JOB] Iniciando polling — 2026-05-15T19:01:27.008604
2026-05-15 19:01:28,853 [INFO] [ENQUEUE] reason=status_changed alarmeId=4179513 dispositivo=ILHA SELF 16 loja=Atacado Cotripal
2026-05-15 19:01:28,853 [INFO] [JOB] Concluído em 1.84s — total=80 new=0 status_changed=1 duplicate=79 | fila=162
2026-05-15 19:01:28,853 [INFO] Job "polling_job (trigger: interval[0:01:00], next run at: 2026-05-15 19:02:26 -03)" executed successfully
2026-05-15 19:02:26,989 [INFO] Running job "polling_job (trigger: interval[0:01:00], next run at: 2026-05-15 19:03:26 -03)" (scheduled at 2026-05-15 19:02:26.987490-03:00)
2026-05-15 19:02:26,989 [INFO] [JOB] Iniciando polling — 2026-05-15T19:02:26.989783
2026-05-15 19:02:28,821 [INFO] [JOB] Concluído em 1.83s — total=80 new=0 status_changed=0 duplicate=80 | fila=162
2026-05-15 19:02:28,821 [INFO] Job "polling_job (trigger: interval[0:01:00], next run at: 2026-05-15 19:03:26 -03)" executed successfully
2026-05-15 19:03:26,988 [INFO] Running job "polling_job (trigger: interval[0:01:00], next run at: 2026-05-15 19:04:26 -03)" (scheduled at 2026-05-15 19:03:26.987490-03:00)
2026-05-15 19:03:26,989 [INFO] [JOB] Iniciando polling — 2026-05-15T19:03:26.989089
2026-05-15 19:03:28,828 [INFO] [ENQUEUE] reason=new alarmeId=4179747 dispositivo=MTA 2E - DOCA CLIMATIZADA loja=IMIGRANTES ( PORTO VELHO - RO )
2026-05-15 19:03:28,829 [INFO] [ENQUEUE] reason=new alarmeId=4179751 dispositivo=MTA 2O - PREP. CLIM. CARNES loja=IMIGRANTES ( PORTO VELHO - RO )
2026-05-15 19:03:28,829 [INFO] [ENQUEUE] reason=new alarmeId=4179748 dispositivo=MTA 2J - PREP. CLIM. CARNES loja=IMIGRANTES ( PORTO VELHO - RO )
2026-05-15 19:03:28,829 [INFO] [ENQUEUE] reason=new alarmeId=4179749 dispositivo=MTA 2K - PREP. CLIM. CARNES loja=IMIGRANTES ( PORTO VELHO - RO )
2026-05-15 19:03:28,829 [INFO] [ENQUEUE] reason=new alarmeId=4179750 dispositivo=MTA 2L - PREP. CLIM. CARNES loja=IMIGRANTES ( PORTO VELHO - RO )
2026-05-15 19:03:28,829 [INFO] [ENQUEUE] reason=new alarmeId=4179752 dispositivo=MTA 2N - PREP. CLIM. CARNES loja=IMIGRANTES ( PORTO VELHO - RO )
2026-05-15 19:03:28,829 [INFO] [ENQUEUE] reason=status_changed alarmeId=4179516 dispositivo=BTA 1Gb - EXP. CONGELADOS (VHY-18) loja=Parque Verde
2026-05-15 19:03:28,830 [INFO] [JOB] Concluído em 1.84s — total=86 new=6 status_changed=1 duplicate=79 | fila=169
2026-05-15 19:03:28,830 [INFO] Job "polling_job (trigger: interval[0:01:00], next run at: 2026-05-15 19:04:26 -03)" executed successfully
2026-05-15 19:04:27,006 [INFO] Running job "polling_job (trigger: interval[0:01:00], next run at: 2026-05-15 19:05:26 -03)" (scheduled at 2026-05-15 19:04:26.987490-03:00)
2026-05-15 19:04:27,006 [INFO] [JOB] Iniciando polling — 2026-05-15T19:04:27.006645
2026-05-15 19:04:28,973 [INFO] [ENQUEUE] reason=new alarmeId=4179753 dispositivo=MTA 2P - PREP. CLIM. CARNES loja=IMIGRANTES ( PORTO VELHO - RO )
2026-05-15 19:04:28,974 [INFO] [JOB] Concluído em 1.97s — total=87 new=1 status_changed=0 duplicate=86 | fila=170
2026-05-15 19:04:28,974 [INFO] Job "polling_job (trigger: interval[0:01:00], next run at: 2026-05-15 19:05:26 -03)" executed successfully
2026-05-15 19:05:27,002 [INFO] Running job "polling_job (trigger: interval[0:01:00], next run at: 2026-05-15 19:06:26 -03)" (scheduled at 2026-05-15 19:05:26.987490-03:00)
2026-05-15 19:05:27,003 [INFO] [JOB] Iniciando polling — 2026-05-15T19:05:27.003227
2026-05-15 19:05:28,970 [INFO] [JOB] Concluído em 1.97s — total=87 new=0 status_changed=0 duplicate=87 | fila=170
2026-05-15 19:05:28,970 [INFO] Job "polling_job (trigger: interval[0:01:00], next run at: 2026-05-15 19:06:26 -03)" executed successfully
2026-05-15 19:06:27,000 [INFO] Running job "polling_job (trigger: interval[0:01:00], next run at: 2026-05-15 19:07:26 -03)" (scheduled at 2026-05-15 19:06:26.987490-03:00)
2026-05-15 19:06:27,000 [INFO] [JOB] Iniciando polling — 2026-05-15T19:06:27.000582
2026-05-15 19:06:28,973 [INFO] [ENQUEUE] reason=new alarmeId=4179763 dispositivo=2C1 - CF. CONGELADOS loja=Piraquara
2026-05-15 19:06:28,973 [INFO] [ENQUEUE] reason=new alarmeId=4179764 dispositivo=MTA 1S - PREP. CLIM. CARNES loja=IMIGRANTES ( PORTO VELHO - RO )
2026-05-15 19:06:28,973 [INFO] [ENQUEUE] reason=status_changed alarmeId=4179541 dispositivo=UC MT 02 C.F. CARNES loja=Uberaba
2026-05-15 19:06:28,974 [INFO] [JOB] Concluído em 1.97s — total=89 new=2 status_changed=1 duplicate=86 | fila=173
2026-05-15 19:06:28,974 [INFO] Job "polling_job (trigger: interval[0:01:00], next run at: 2026-05-15 19:07:26 -03)" executed successfully
2026-05-15 19:07:26,995 [INFO] Running job "polling_job (trigger: interval[0:01:00], next run at: 2026-05-15 19:08:26 -03)" (scheduled at 2026-05-15 19:07:26.987490-03:00)
2026-05-15 19:07:26,996 [INFO] [JOB] Iniciando polling — 2026-05-15T19:07:26.996109
2026-05-15 19:07:29,005 [INFO] [JOB] Concluído em 2.01s — total=89 new=0 status_changed=0 duplicate=89 | fila=173
2026-05-15 19:07:29,005 [INFO] Job "polling_job (trigger: interval[0:01:00], next run at: 2026-05-15 19:08:26 -03)" executed successfully
2026-05-15 19:08:26,988 [INFO] Running job "polling_job (trigger: interval[0:01:00], next run at: 2026-05-15 19:09:26 -03)" (scheduled at 2026-05-15 19:08:26.987490-03:00)
2026-05-15 19:08:26,988 [INFO] [JOB] Iniciando polling — 2026-05-15T19:08:26.988525
2026-05-15 19:08:28,992 [INFO] [ENQUEUE] reason=new alarmeId=4179783 dispositivo=8 - MTA 1Oa - EXP. CARNES EMBALADAS loja=Parque Verde
2026-05-15 19:08:28,992 [INFO] [ENQUEUE] reason=new alarmeId=4179785 dispositivo=2 - MTA 1B - C.F. Cozinha loja=Comper 104 - Cuiabá - MT
2026-05-15 19:08:28,993 [INFO] [ENQUEUE] reason=status_changed alarmeId=4179550 dispositivo=MTA1N (1R14) - CF Cozinha loja=Uberaba
2026-05-15 19:08:28,993 [INFO] [JOB] Concluído em 2.00s — total=90 new=2 status_changed=1 duplicate=87 | fila=176
2026-05-15 19:08:28,993 [INFO] Job "polling_job (trigger: interval[0:01:00], next run at: 2026-05-15 19:09:26 -03)" executed successfully
2026-05-15 19:09:26,991 [INFO] Running job "polling_job (trigger: interval[0:01:00], next run at: 2026-05-15 19:10:26 -03)" (scheduled at 2026-05-15 19:09:26.987490-03:00)
2026-05-15 19:09:26,991 [INFO] [JOB] Iniciando polling — 2026-05-15T19:09:26.991563
2026-05-15 19:09:28,785 [INFO] [JOB] Concluído em 1.79s — total=89 new=0 status_changed=0 duplicate=89 | fila=176
2026-05-15 19:09:28,785 [INFO] Job "polling_job (trigger: interval[0:01:00], next run at: 2026-05-15 19:10:26 -03)" executed successfully
2026-05-15 19:10:26,995 [INFO] Running job "polling_job (trigger: interval[0:01:00], next run at: 2026-05-15 19:11:26 -03)" (scheduled at 2026-05-15 19:10:26.987490-03:00)
2026-05-15 19:10:26,995 [INFO] [JOB] Iniciando polling — 2026-05-15T19:10:26.995940
2026-05-15 19:10:28,952 [INFO] [ENQUEUE] reason=new alarmeId=4179791 dispositivo=BTA-2A - C.f. Congelados loja=Guatupê
2026-05-15 19:10:28,952 [INFO] [ENQUEUE] reason=new alarmeId=4179797 dispositivo=1 - MTA 2L - Preparo Refrigeração loja=Comper 104 - Cuiabá - MT
2026-05-15 19:10:28,953 [INFO] [JOB] Concluído em 1.96s — total=90 new=2 status_changed=0 duplicate=88 | fila=178
2026-05-15 19:10:28,953 [INFO] Job "polling_job (trigger: interval[0:01:00], next run at: 2026-05-15 19:11:26 -03)" executed successfully
2026-05-15 19:11:26,993 [INFO] Running job "polling_job (trigger: interval[0:01:00], next run at: 2026-05-15 19:12:26 -03)" (scheduled at 2026-05-15 19:11:26.987490-03:00)
2026-05-15 19:11:26,994 [INFO] [JOB] Iniciando polling — 2026-05-15T19:11:26.994096
2026-05-15 19:11:29,066 [INFO] [JOB] Concluído em 2.07s — total=90 new=0 status_changed=0 duplicate=90 | fila=178
2026-05-15 19:11:29,067 [INFO] Job "polling_job (trigger: interval[0:01:00], next run at: 2026-05-15 19:12:26 -03)" executed successfully
2026-05-15 19:12:27,000 [INFO] Running job "polling_job (trigger: interval[0:01:00], next run at: 2026-05-15 19:13:26 -03)" (scheduled at 2026-05-15 19:12:26.987490-03:00)
2026-05-15 19:12:27,000 [INFO] [JOB] Iniciando polling — 2026-05-15T19:12:27.000583
2026-05-15 19:12:28,942 [INFO] [ENQUEUE] reason=new alarmeId=4179805 dispositivo=BTA 1Ca - EXP. CONGELADOS (VHIC-18 T) loja=Parque Verde
2026-05-15 19:12:28,942 [INFO] [JOB] Concluído em 1.94s — total=90 new=1 status_changed=0 duplicate=89 | fila=179
2026-05-15 19:12:28,942 [INFO] Job "polling_job (trigger: interval[0:01:00], next run at: 2026-05-15 19:13:26 -03)" executed successfully
2026-05-15 19:13:27,004 [INFO] Running job "polling_job (trigger: interval[0:01:00], next run at: 2026-05-15 19:14:26 -03)" (scheduled at 2026-05-15 19:13:26.987490-03:00)
2026-05-15 19:13:27,004 [INFO] [JOB] Iniciando polling — 2026-05-15T19:13:27.004726
2026-05-15 19:13:28,975 [INFO] [ENQUEUE] reason=new alarmeId=4179810 dispositivo=MTC 1A - EXP. AÇOUGUE (VPXRT-0) loja=Meta 21 SM- Loja Calama
2026-05-15 19:13:28,975 [INFO] [JOB] Concluído em 1.97s — total=91 new=1 status_changed=0 duplicate=90 | fila=180
2026-05-15 19:13:28,975 [INFO] Job "polling_job (trigger: interval[0:01:00], next run at: 2026-05-15 19:14:26 -03)" executed successfully
2026-05-15 19:14:26,994 [INFO] Running job "polling_job (trigger: interval[0:01:00], next run at: 2026-05-15 19:15:26 -03)" (scheduled at 2026-05-15 19:14:26.987490-03:00)
2026-05-15 19:14:26,994 [INFO] [JOB] Iniciando polling — 2026-05-15T19:14:26.994352
2026-05-15 19:14:29,131 [INFO] [ENQUEUE] reason=new alarmeId=4179812 dispositivo=UC BTC loja=LEVE ALIMENTOS 
2026-05-15 19:14:29,131 [INFO] [JOB] Concluído em 2.14s — total=92 new=1 status_changed=0 duplicate=91 | fila=181
2026-05-15 19:14:29,131 [INFO] Job "polling_job (trigger: interval[0:01:00], next run at: 2026-05-15 19:15:26 -03)" executed successfully
2026-05-15 19:15:26,995 [INFO] Running job "polling_job (trigger: interval[0:01:00], next run at: 2026-05-15 19:16:26 -03)" (scheduled at 2026-05-15 19:15:26.987490-03:00)
2026-05-15 19:15:26,996 [INFO] [JOB] Iniciando polling — 2026-05-15T19:15:26.996159
2026-05-15 19:15:28,965 [INFO] [ENQUEUE] reason=status_changed alarmeId=4178594 dispositivo=BTA 2C - C.F. CONGELADOS AÇOUGUE loja=Parque Verde
2026-05-15 19:15:28,965 [INFO] [ENQUEUE] reason=status_changed alarmeId=4178610 dispositivo=RACK BTA loja=Parque Verde
2026-05-15 19:15:28,965 [INFO] [ENQUEUE] reason=status_changed alarmeId=4179439 dispositivo=BTA 1Ga - EXP. CONGELADOS (VHY-18) loja=Parque Verde
2026-05-15 19:15:28,965 [INFO] [ENQUEUE] reason=status_changed alarmeId=4179442 dispositivo=BTA 1J - EXP. CONGELADOS (VSK-18) loja=Parque Verde
2026-05-15 19:15:28,966 [INFO] [ENQUEUE] reason=status_changed alarmeId=4179441 dispositivo=BTA 2C - C.F. CONGELADOS AÇOUGUE loja=Parque Verde
2026-05-15 19:15:28,966 [INFO] [ENQUEUE] reason=status_changed alarmeId=4179438 dispositivo=BTA 2B - C.F. CONGELADOS loja=Parque Verde
2026-05-15 19:15:28,966 [INFO] [ENQUEUE] reason=status_changed alarmeId=4178891 dispositivo=BTA 1Ec - EXP. CONGELADOS (VHY-18) loja=Parque Verde
2026-05-15 19:15:28,966 [INFO] [ENQUEUE] reason=status_changed alarmeId=4178764 dispositivo=BTA 1Bb - EXP. CONGELADOS (VHIC-18 T) loja=Parque Verde
2026-05-15 19:15:28,966 [INFO] [ENQUEUE] reason=status_changed alarmeId=4178890 dispositivo=BTA 1Cb - EXP. CONGELADOS (VHIC-18 T) loja=Parque Verde
2026-05-15 19:15:28,966 [INFO] [ENQUEUE] reason=status_changed alarmeId=4178892 dispositivo=BTA 1Eb - EXP. CONGELADOS (VHY-18) loja=Parque Verde
2026-05-15 19:15:28,966 [INFO] [ENQUEUE] reason=status_changed alarmeId=4178905 dispositivo=BTA 2A - C.F. TROCAS loja=Parque Verde
2026-05-15 19:15:28,966 [INFO] [ENQUEUE] reason=status_changed alarmeId=4179665 dispositivo=BTA 1Gc - EXP. CONGELADOS (VHY-18) loja=Parque Verde
2026-05-15 19:15:28,967 [INFO] [ENQUEUE] reason=status_changed alarmeId=4179783 dispositivo=8 - MTA 1Oa - EXP. CARNES EMBALADAS loja=Parque Verde
2026-05-15 19:15:28,967 [INFO] [ENQUEUE] reason=status_changed alarmeId=4179669 dispositivo=BTA 1Ba - EXP. CONGELADOS (VHIC-18 T) loja=Parque Verde
2026-05-15 19:15:28,967 [INFO] [ENQUEUE] reason=status_changed alarmeId=4179805 dispositivo=BTA 1Ca - EXP. CONGELADOS (VHIC-18 T) loja=Parque Verde
2026-05-15 19:15:28,967 [INFO] [JOB] Concluído em 1.97s — total=90 new=0 status_changed=15 duplicate=75 | fila=196
2026-05-15 19:15:28,967 [INFO] Job "polling_job (trigger: interval[0:01:00], next run at: 2026-05-15 19:16:26 -03)" executed successfully
2026-05-15 19:16:27,007 [INFO] Running job "polling_job (trigger: interval[0:01:00], next run at: 2026-05-15 19:17:26 -03)" (scheduled at 2026-05-15 19:16:26.987490-03:00)
2026-05-15 19:16:27,007 [INFO] [JOB] Iniciando polling — 2026-05-15T19:16:27.007945
2026-05-15 19:16:29,075 [INFO] [ENQUEUE] reason=new alarmeId=4179822 dispositivo=RACK RESFRIADOS MT loja=Fort 170 - Vila Celia - MSN
2026-05-15 19:16:29,075 [INFO] [JOB] Concluído em 2.07s — total=90 new=1 status_changed=0 duplicate=89 | fila=197
2026-05-15 19:16:29,075 [INFO] Job "polling_job (trigger: interval[0:01:00], next run at: 2026-05-15 19:17:26 -03)" executed successfully
2026-05-15 19:17:26,991 [INFO] Running job "polling_job (trigger: interval[0:01:00], next run at: 2026-05-15 19:18:26 -03)" (scheduled at 2026-05-15 19:17:26.987490-03:00)
2026-05-15 19:17:26,991 [INFO] [JOB] Iniciando polling — 2026-05-15T19:17:26.991878
2026-05-15 19:17:28,969 [INFO] [JOB] Concluído em 1.98s — total=90 new=0 status_changed=0 duplicate=90 | fila=197
2026-05-15 19:17:28,969 [INFO] Job "polling_job (trigger: interval[0:01:00], next run at: 2026-05-15 19:18:26 -03)" executed successfully
2026-05-15 19:18:26,992 [INFO] Running job "polling_job (trigger: interval[0:01:00], next run at: 2026-05-15 19:19:26 -03)" (scheduled at 2026-05-15 19:18:26.987490-03:00)
2026-05-15 19:18:26,992 [INFO] [JOB] Iniciando polling — 2026-05-15T19:18:26.992629
2026-05-15 19:18:28,836 [INFO] [ENQUEUE] reason=status_changed alarmeId=4179605 dispositivo=BTA-1G - Exp. Congelados loja=BR 277
2026-05-15 19:18:28,837 [INFO] [JOB] Concluído em 1.84s — total=87 new=0 status_changed=1 duplicate=86 | fila=198
2026-05-15 19:18:28,837 [INFO] Job "polling_job (trigger: interval[0:01:00], next run at: 2026-05-15 19:19:26 -03)" executed successfully
2026-05-15 19:19:27,004 [INFO] Running job "polling_job (trigger: interval[0:01:00], next run at: 2026-05-15 19:20:26 -03)" (scheduled at 2026-05-15 19:19:26.987490-03:00)
2026-05-15 19:19:27,004 [INFO] [JOB] Iniciando polling — 2026-05-15T19:19:27.004962
2026-05-15 19:19:29,467 [INFO] [ENQUEUE] reason=new alarmeId=4179833 dispositivo=BTA 2B - C.F. CONG. CAIXARIA (02) loja=Tibiriça Loja 61
2026-05-15 19:19:29,467 [INFO] [ENQUEUE] reason=new alarmeId=4179835 dispositivo=8 - MTA-3L - CONFEITARIA CLIM. loja=Indaiatuba - SP
2026-05-15 19:19:29,468 [INFO] [JOB] Concluído em 2.46s — total=89 new=2 status_changed=0 duplicate=87 | fila=200
2026-05-15 19:19:29,468 [INFO] Job "polling_job (trigger: interval[0:01:00], next run at: 2026-05-15 19:20:26 -03)" executed successfully
2026-05-15 19:20:26,988 [INFO] Running job "polling_job (trigger: interval[0:01:00], next run at: 2026-05-15 19:21:26 -03)" (scheduled at 2026-05-15 19:20:26.987490-03:00)
2026-05-15 19:20:26,988 [INFO] [JOB] Iniciando polling — 2026-05-15T19:20:26.988584
2026-05-15 19:20:28,948 [INFO] [JOB] Concluído em 1.96s — total=89 new=0 status_changed=0 duplicate=89 | fila=200
2026-05-15 19:20:28,949 [INFO] Job "polling_job (trigger: interval[0:01:00], next run at: 2026-05-15 19:21:26 -03)" executed successfully
2026-05-15 19:21:26,993 [INFO] Running job "polling_job (trigger: interval[0:01:00], next run at: 2026-05-15 19:22:26 -03)" (scheduled at 2026-05-15 19:21:26.987490-03:00)
2026-05-15 19:21:26,993 [INFO] [JOB] Iniciando polling — 2026-05-15T19:21:26.993913
2026-05-15 19:21:30,016 [INFO] [JOB] Concluído em 3.02s — total=89 new=0 status_changed=0 duplicate=89 | fila=200
2026-05-15 19:21:30,016 [INFO] Job "polling_job (trigger: interval[0:01:00], next run at: 2026-05-15 19:22:26 -03)" executed successfully
2026-05-15 19:22:26,989 [INFO] Running job "polling_job (trigger: interval[0:01:00], next run at: 2026-05-15 19:23:26 -03)" (scheduled at 2026-05-15 19:22:26.987490-03:00)
2026-05-15 19:22:26,989 [INFO] [JOB] Iniciando polling — 2026-05-15T19:22:26.989520
2026-05-15 19:22:38,600 [INFO] [JOB] Concluído em 11.61s — total=89 new=0 status_changed=0 duplicate=89 | fila=200
2026-05-15 19:22:38,600 [INFO] Job "polling_job (trigger: interval[0:01:00], next run at: 2026-05-15 19:23:26 -03)" executed successfully
2026-05-15 19:23:26,996 [INFO] Running job "polling_job (trigger: interval[0:01:00], next run at: 2026-05-15 19:24:26 -03)" (scheduled at 2026-05-15 19:23:26.987490-03:00)
2026-05-15 19:23:26,996 [INFO] [JOB] Iniciando polling — 2026-05-15T19:23:26.996730
2026-05-15 19:23:36,296 [INFO] [JOB] Concluído em 9.30s — total=88 new=0 status_changed=0 duplicate=88 | fila=200
2026-05-15 19:23:36,296 [INFO] Job "polling_job (trigger: interval[0:01:00], next run at: 2026-05-15 19:24:26 -03)" executed successfully
2026-05-15 19:24:26,991 [INFO] Running job "polling_job (trigger: interval[0:01:00], next run at: 2026-05-15 19:25:26 -03)" (scheduled at 2026-05-15 19:24:26.987490-03:00)
2026-05-15 19:24:26,991 [INFO] [JOB] Iniciando polling — 2026-05-15T19:24:26.991497
2026-05-15 19:24:42,338 [ERROR] [FETCH] Timeout ao consultar a API
2026-05-15 19:24:42,339 [ERROR] [JOB] Falha na execução — próxima tentativa em 60s
2026-05-15 19:24:42,339 [INFO] Job "polling_job (trigger: interval[0:01:00], next run at: 2026-05-15 19:25:26 -03)" executed successfully
2026-05-15 19:25:26,993 [INFO] Running job "polling_job (trigger: interval[0:01:00], next run at: 2026-05-15 19:26:26 -03)" (scheduled at 2026-05-15 19:25:26.987490-03:00)
2026-05-15 19:25:26,994 [INFO] [JOB] Iniciando polling — 2026-05-15T19:25:26.994136
2026-05-15 19:25:29,056 [INFO] [ENQUEUE] reason=status_changed alarmeId=4179614 dispositivo=1C5 - CF. Congelados loja=São Marcos
2026-05-15 19:25:29,056 [INFO] [JOB] Concluído em 2.06s — total=87 new=0 status_changed=1 duplicate=86 | fila=201
2026-05-15 19:25:29,056 [INFO] Job "polling_job (trigger: interval[0:01:00], next run at: 2026-05-15 19:26:26 -03)" executed successfully
2026-05-15 19:26:27,009 [INFO] Running job "polling_job (trigger: interval[0:01:00], next run at: 2026-05-15 19:27:26 -03)" (scheduled at 2026-05-15 19:26:26.987490-03:00)
2026-05-15 19:26:27,009 [INFO] [JOB] Iniciando polling — 2026-05-15T19:26:27.009822
2026-05-15 19:26:28,975 [INFO] [ENQUEUE] reason=new alarmeId=4179853 dispositivo=BTA 1A - EXP. CONGELADOS (VHIC-18 T) loja=Parque Verde
2026-05-15 19:26:28,975 [INFO] [ENQUEUE] reason=new alarmeId=4179854 dispositivo=TROCADOR GLICOL 2 loja=Fort 170 - Vila Celia - MSN
2026-05-15 19:26:28,976 [INFO] [ENQUEUE] reason=status_changed alarmeId=4179615 dispositivo=RACK DESCARGA ÚNICA loja=Sítio Cercado
2026-05-15 19:26:28,976 [INFO] [ENQUEUE] reason=status_changed alarmeId=4179618 dispositivo=9 - MTA-3D - EXP. A.S. BACALHAU loja=Tibiriça Loja 61
2026-05-15 19:26:28,976 [INFO] [JOB] Concluído em 1.97s — total=89 new=2 status_changed=2 duplicate=85 | fila=205
2026-05-15 19:26:28,976 [INFO] Job "polling_job (trigger: interval[0:01:00], next run at: 2026-05-15 19:27:26 -03)" executed successfully
2026-05-15 19:27:27,002 [INFO] Running job "polling_job (trigger: interval[0:01:00], next run at: 2026-05-15 19:28:26 -03)" (scheduled at 2026-05-15 19:27:26.987490-03:00)
2026-05-15 19:27:27,002 [INFO] [JOB] Iniciando polling — 2026-05-15T19:27:27.002688
2026-05-15 19:27:28,946 [INFO] [JOB] Concluído em 1.94s — total=89 new=0 status_changed=0 duplicate=89 | fila=205
2026-05-15 19:27:28,946 [INFO] Job "polling_job (trigger: interval[0:01:00], next run at: 2026-05-15 19:28:26 -03)" executed successfully
2026-05-15 19:28:27,008 [INFO] Running job "polling_job (trigger: interval[0:01:00], next run at: 2026-05-15 19:29:26 -03)" (scheduled at 2026-05-15 19:28:26.987490-03:00)
2026-05-15 19:28:27,008 [INFO] [JOB] Iniciando polling — 2026-05-15T19:28:27.008430
2026-05-15 19:28:28,984 [INFO] [ENQUEUE] reason=status_changed alarmeId=4179438 dispositivo=BTA 2B - C.F. CONGELADOS loja=Parque Verde
2026-05-15 19:28:28,984 [INFO] [ENQUEUE] reason=status_changed alarmeId=4179439 dispositivo=BTA 1Ga - EXP. CONGELADOS (VHY-18) loja=Parque Verde
2026-05-15 19:28:28,984 [INFO] [JOB] Concluído em 1.98s — total=89 new=0 status_changed=2 duplicate=87 | fila=207
2026-05-15 19:28:28,984 [INFO] Job "polling_job (trigger: interval[0:01:00], next run at: 2026-05-15 19:29:26 -03)" executed successfully
2026-05-15 19:29:27,007 [INFO] Running job "polling_job (trigger: interval[0:01:00], next run at: 2026-05-15 19:30:26 -03)" (scheduled at 2026-05-15 19:29:26.987490-03:00)
2026-05-15 19:29:27,007 [INFO] [JOB] Iniciando polling — 2026-05-15T19:29:27.007982
2026-05-15 19:29:29,053 [INFO] [ENQUEUE] reason=new alarmeId=4179865 dispositivo=MTA-3B CIRCULAÇÃO loja=CD Santa Lucia
2026-05-15 19:29:29,053 [INFO] [ENQUEUE] reason=new alarmeId=4179864 dispositivo=MTA-4A C.F. AVARIAS loja=CD Santa Lucia
2026-05-15 19:29:29,053 [INFO] [ENQUEUE] reason=status_changed alarmeId=4179442 dispositivo=BTA 1J - EXP. CONGELADOS (VSK-18) loja=Parque Verde
2026-05-15 19:29:29,053 [INFO] [ENQUEUE] reason=status_changed alarmeId=4179441 dispositivo=BTA 2C - C.F. CONGELADOS AÇOUGUE loja=Parque Verde
2026-05-15 19:29:29,053 [INFO] [ENQUEUE] reason=status_changed alarmeId=4179621 dispositivo=5 - MTA-3Ba - EXP. AT. FRIOS loja=Tibiriça Loja 61
2026-05-15 19:29:29,054 [INFO] [JOB] Concluído em 2.05s — total=91 new=2 status_changed=3 duplicate=86 | fila=212
2026-05-15 19:29:29,054 [INFO] Job "polling_job (trigger: interval[0:01:00], next run at: 2026-05-15 19:30:26 -03)" executed successfully
2026-05-15 19:30:27,006 [INFO] Running job "polling_job (trigger: interval[0:01:00], next run at: 2026-05-15 19:31:26 -03)" (scheduled at 2026-05-15 19:30:26.987490-03:00)
2026-05-15 19:30:27,007 [INFO] [JOB] Iniciando polling — 2026-05-15T19:30:27.007077
2026-05-15 19:30:28,938 [INFO] [JOB] Concluído em 1.93s — total=91 new=0 status_changed=0 duplicate=91 | fila=212
2026-05-15 19:30:28,939 [INFO] Job "polling_job (trigger: interval[0:01:00], next run at: 2026-05-15 19:31:26 -03)" executed successfully
2026-05-15 19:31:27,001 [INFO] Running job "polling_job (trigger: interval[0:01:00], next run at: 2026-05-15 19:32:26 -03)" (scheduled at 2026-05-15 19:31:26.987490-03:00)
2026-05-15 19:31:27,002 [INFO] [JOB] Iniciando polling — 2026-05-15T19:31:27.002177
2026-05-15 19:31:28,947 [INFO] [JOB] Concluído em 1.94s — total=91 new=0 status_changed=0 duplicate=91 | fila=212
2026-05-15 19:31:28,947 [INFO] Job "polling_job (trigger: interval[0:01:00], next run at: 2026-05-15 19:32:26 -03)" executed successfully
2026-05-15 19:32:27,005 [INFO] Running job "polling_job (trigger: interval[0:01:00], next run at: 2026-05-15 19:33:26 -03)" (scheduled at 2026-05-15 19:32:26.987490-03:00)
2026-05-15 19:32:27,005 [INFO] [JOB] Iniciando polling — 2026-05-15T19:32:27.005863
2026-05-15 19:32:28,983 [INFO] [ENQUEUE] reason=status_changed alarmeId=4179865 dispositivo=MTA-3B CIRCULAÇÃO loja=CD Santa Lucia
2026-05-15 19:32:28,983 [INFO] [ENQUEUE] reason=status_changed alarmeId=4179864 dispositivo=MTA-4A C.F. AVARIAS loja=CD Santa Lucia
2026-05-15 19:32:28,983 [INFO] [JOB] Concluído em 1.98s — total=91 new=0 status_changed=2 duplicate=89 | fila=214
2026-05-15 19:32:28,984 [INFO] Job "polling_job (trigger: interval[0:01:00], next run at: 2026-05-15 19:33:26 -03)" executed successfully
2026-05-15 19:33:26,998 [INFO] Running job "polling_job (trigger: interval[0:01:00], next run at: 2026-05-15 19:34:26 -03)" (scheduled at 2026-05-15 19:33:26.987490-03:00)
2026-05-15 19:33:26,998 [INFO] [JOB] Iniciando polling — 2026-05-15T19:33:26.998791
2026-05-15 19:33:28,919 [INFO] [ENQUEUE] reason=new alarmeId=4179875 dispositivo=BTA 1A - C.F. CARNES CONGELADOS loja=Loja Monte Alto
2026-05-15 19:33:28,919 [INFO] [JOB] Concluído em 1.92s — total=92 new=1 status_changed=0 duplicate=91 | fila=215
2026-05-15 19:33:28,919 [INFO] Job "polling_job (trigger: interval[0:01:00], next run at: 2026-05-15 19:34:26 -03)" executed successfully
2026-05-15 19:34:26,991 [INFO] Running job "polling_job (trigger: interval[0:01:00], next run at: 2026-05-15 19:35:26 -03)" (scheduled at 2026-05-15 19:34:26.987490-03:00)
2026-05-15 19:34:26,992 [INFO] [JOB] Iniciando polling — 2026-05-15T19:34:26.992002
2026-05-15 19:34:28,937 [INFO] [JOB] Concluído em 1.95s — total=92 new=0 status_changed=0 duplicate=92 | fila=215
2026-05-15 19:34:28,937 [INFO] Job "polling_job (trigger: interval[0:01:00], next run at: 2026-05-15 19:35:26 -03)" executed successfully
2026-05-15 19:35:26,989 [INFO] Running job "polling_job (trigger: interval[0:01:00], next run at: 2026-05-15 19:36:26 -03)" (scheduled at 2026-05-15 19:35:26.987490-03:00)
2026-05-15 19:35:26,989 [INFO] [JOB] Iniciando polling — 2026-05-15T19:35:26.989451
2026-05-15 19:35:29,066 [INFO] [ENQUEUE] reason=status_changed alarmeId=4179665 dispositivo=BTA 1Gc - EXP. CONGELADOS (VHY-18) loja=Parque Verde
2026-05-15 19:35:29,066 [INFO] [ENQUEUE] reason=status_changed alarmeId=4179669 dispositivo=BTA 1Ba - EXP. CONGELADOS (VHIC-18 T) loja=Parque Verde
2026-05-15 19:35:29,066 [INFO] [JOB] Concluído em 2.08s — total=91 new=0 status_changed=2 duplicate=89 | fila=217
2026-05-15 19:35:29,066 [INFO] Job "polling_job (trigger: interval[0:01:00], next run at: 2026-05-15 19:36:26 -03)" executed successfully
2026-05-15 19:36:26,994 [INFO] Running job "polling_job (trigger: interval[0:01:00], next run at: 2026-05-15 19:37:26 -03)" (scheduled at 2026-05-15 19:36:26.987490-03:00)
2026-05-15 19:36:26,994 [INFO] [JOB] Iniciando polling — 2026-05-15T19:36:26.994543
2026-05-15 19:36:42,344 [ERROR] [FETCH] Timeout ao consultar a API
2026-05-15 19:36:42,344 [ERROR] [JOB] Falha na execução — próxima tentativa em 60s
2026-05-15 19:36:42,344 [INFO] Job "polling_job (trigger: interval[0:01:00], next run at: 2026-05-15 19:37:26 -03)" executed successfully
2026-05-15 19:37:26,993 [INFO] Running job "polling_job (trigger: interval[0:01:00], next run at: 2026-05-15 19:38:26 -03)" (scheduled at 2026-05-15 19:37:26.987490-03:00)
2026-05-15 19:37:26,993 [INFO] [JOB] Iniciando polling — 2026-05-15T19:37:26.993776
2026-05-15 19:37:29,051 [INFO] [ENQUEUE] reason=new alarmeId=4179887 dispositivo=Ilha - ICF 8 loja=Piraquara
2026-05-15 19:37:29,051 [INFO] [JOB] Concluído em 2.06s — total=91 new=1 status_changed=0 duplicate=90 | fila=218
2026-05-15 19:37:29,051 [INFO] Job "polling_job (trigger: interval[0:01:00], next run at: 2026-05-15 19:38:26 -03)" executed successfully
2026-05-15 19:38:26,990 [INFO] Running job "polling_job (trigger: interval[0:01:00], next run at: 2026-05-15 19:39:26 -03)" (scheduled at 2026-05-15 19:38:26.987490-03:00)
2026-05-15 19:38:26,991 [INFO] [JOB] Iniciando polling — 2026-05-15T19:38:26.991069
2026-05-15 19:38:28,954 [INFO] [JOB] Concluído em 1.96s — total=91 new=0 status_changed=0 duplicate=91 | fila=218
2026-05-15 19:38:28,954 [INFO] Job "polling_job (trigger: interval[0:01:00], next run at: 2026-05-15 19:39:26 -03)" executed successfully
2026-05-15 19:39:27,000 [INFO] Running job "polling_job (trigger: interval[0:01:00], next run at: 2026-05-15 19:40:26 -03)" (scheduled at 2026-05-15 19:39:26.987490-03:00)
2026-05-15 19:39:27,000 [INFO] [JOB] Iniciando polling — 2026-05-15T19:39:27.000251
2026-05-15 19:39:28,968 [INFO] [JOB] Concluído em 1.97s — total=91 new=0 status_changed=0 duplicate=91 | fila=218
2026-05-15 19:39:28,968 [INFO] Job "polling_job (trigger: interval[0:01:00], next run at: 2026-05-15 19:40:26 -03)" executed successfully
2026-05-15 19:40:26,997 [INFO] Running job "polling_job (trigger: interval[0:01:00], next run at: 2026-05-15 19:41:26 -03)" (scheduled at 2026-05-15 19:40:26.987490-03:00)
2026-05-15 19:40:26,997 [INFO] [JOB] Iniciando polling — 2026-05-15T19:40:26.997369
2026-05-15 19:40:29,165 [INFO] [JOB] Concluído em 2.17s — total=91 new=0 status_changed=0 duplicate=91 | fila=218
2026-05-15 19:40:29,165 [INFO] Job "polling_job (trigger: interval[0:01:00], next run at: 2026-05-15 19:41:26 -03)" executed successfully
2026-05-15 19:41:26,998 [INFO] Running job "polling_job (trigger: interval[0:01:00], next run at: 2026-05-15 19:42:26 -03)" (scheduled at 2026-05-15 19:41:26.987490-03:00)
2026-05-15 19:41:26,999 [INFO] [JOB] Iniciando polling — 2026-05-15T19:41:26.999125
2026-05-15 19:41:28,965 [INFO] [JOB] Concluído em 1.97s — total=91 new=0 status_changed=0 duplicate=91 | fila=218
2026-05-15 19:41:28,966 [INFO] Job "polling_job (trigger: interval[0:01:00], next run at: 2026-05-15 19:42:26 -03)" executed successfully
2026-05-15 19:42:27,007 [INFO] Running job "polling_job (trigger: interval[0:01:00], next run at: 2026-05-15 19:43:26 -03)" (scheduled at 2026-05-15 19:42:26.987490-03:00)
2026-05-15 19:42:27,008 [INFO] [JOB] Iniciando polling — 2026-05-15T19:42:27.008152
2026-05-15 19:42:28,948 [INFO] [JOB] Concluído em 1.94s — total=91 new=0 status_changed=0 duplicate=91 | fila=218
2026-05-15 19:42:28,948 [INFO] Job "polling_job (trigger: interval[0:01:00], next run at: 2026-05-15 19:43:26 -03)" executed successfully
2026-05-15 19:43:26,989 [INFO] Running job "polling_job (trigger: interval[0:01:00], next run at: 2026-05-15 19:44:26 -03)" (scheduled at 2026-05-15 19:43:26.987490-03:00)
2026-05-15 19:43:26,989 [INFO] [JOB] Iniciando polling — 2026-05-15T19:43:26.989486
2026-05-15 19:43:28,958 [INFO] [JOB] Concluído em 1.97s — total=89 new=0 status_changed=0 duplicate=89 | fila=218
2026-05-15 19:43:28,959 [INFO] Job "polling_job (trigger: interval[0:01:00], next run at: 2026-05-15 19:44:26 -03)" executed successfully
2026-05-15 19:44:26,991 [INFO] Running job "polling_job (trigger: interval[0:01:00], next run at: 2026-05-15 19:45:26 -03)" (scheduled at 2026-05-15 19:44:26.987490-03:00)
2026-05-15 19:44:26,991 [INFO] [JOB] Iniciando polling — 2026-05-15T19:44:26.991616
2026-05-15 19:44:29,121 [INFO] [ENQUEUE] reason=new alarmeId=4179909 dispositivo=8 - MTA 1L - Exp. Laticínios loja=Bongi (30)
2026-05-15 19:44:29,121 [INFO] [JOB] Concluído em 2.13s — total=90 new=1 status_changed=0 duplicate=89 | fila=219
2026-05-15 19:44:29,121 [INFO] Job "polling_job (trigger: interval[0:01:00], next run at: 2026-05-15 19:45:26 -03)" executed successfully
2026-05-15 19:45:27,005 [INFO] Running job "polling_job (trigger: interval[0:01:00], next run at: 2026-05-15 19:46:26 -03)" (scheduled at 2026-05-15 19:45:26.987490-03:00)
2026-05-15 19:45:27,005 [INFO] [JOB] Iniciando polling — 2026-05-15T19:45:27.005947
2026-05-15 19:45:28,931 [INFO] [JOB] Concluído em 1.93s — total=90 new=0 status_changed=0 duplicate=90 | fila=219
2026-05-15 19:45:28,931 [INFO] Job "polling_job (trigger: interval[0:01:00], next run at: 2026-05-15 19:46:26 -03)" executed successfully
2026-05-15 19:46:26,996 [INFO] Running job "polling_job (trigger: interval[0:01:00], next run at: 2026-05-15 19:47:26 -03)" (scheduled at 2026-05-15 19:46:26.987490-03:00)
2026-05-15 19:46:26,996 [INFO] [JOB] Iniciando polling — 2026-05-15T19:46:26.996615
2026-05-15 19:46:28,945 [INFO] [JOB] Concluído em 1.95s — total=89 new=0 status_changed=0 duplicate=89 | fila=219
2026-05-15 19:46:28,945 [INFO] Job "polling_job (trigger: interval[0:01:00], next run at: 2026-05-15 19:47:26 -03)" executed successfully
2026-05-15 19:47:27,004 [INFO] Running job "polling_job (trigger: interval[0:01:00], next run at: 2026-05-15 19:48:26 -03)" (scheduled at 2026-05-15 19:47:26.987490-03:00)
2026-05-15 19:47:27,004 [INFO] [JOB] Iniciando polling — 2026-05-15T19:47:27.004404
2026-05-15 19:47:28,937 [INFO] [ENQUEUE] reason=new alarmeId=4179917 dispositivo=BTA-2B - CF. CONG 1 loja=Fort 130 - SCS
2026-05-15 19:47:28,937 [INFO] [JOB] Concluído em 1.93s — total=90 new=1 status_changed=0 duplicate=89 | fila=220
2026-05-15 19:47:28,937 [INFO] Job "polling_job (trigger: interval[0:01:00], next run at: 2026-05-15 19:48:26 -03)" executed successfully
2026-05-15 19:48:27,003 [INFO] Running job "polling_job (trigger: interval[0:01:00], next run at: 2026-05-15 19:49:26 -03)" (scheduled at 2026-05-15 19:48:26.987490-03:00)
2026-05-15 19:48:27,004 [INFO] [JOB] Iniciando polling — 2026-05-15T19:48:27.004004
2026-05-15 19:48:28,983 [INFO] [JOB] Concluído em 1.98s — total=90 new=0 status_changed=0 duplicate=90 | fila=220
2026-05-15 19:48:28,983 [INFO] Job "polling_job (trigger: interval[0:01:00], next run at: 2026-05-15 19:49:26 -03)" executed successfully
2026-05-15 19:49:26,989 [INFO] Running job "polling_job (trigger: interval[0:01:00], next run at: 2026-05-15 19:50:26 -03)" (scheduled at 2026-05-15 19:49:26.987490-03:00)
2026-05-15 19:49:26,989 [INFO] [JOB] Iniciando polling — 2026-05-15T19:49:26.989751
2026-05-15 19:49:28,937 [INFO] [JOB] Concluído em 1.95s — total=90 new=0 status_changed=0 duplicate=90 | fila=220
2026-05-15 19:49:28,937 [INFO] Job "polling_job (trigger: interval[0:01:00], next run at: 2026-05-15 19:50:26 -03)" executed successfully
2026-05-15 19:50:26,989 [INFO] Running job "polling_job (trigger: interval[0:01:00], next run at: 2026-05-15 19:51:26 -03)" (scheduled at 2026-05-15 19:50:26.987490-03:00)
2026-05-15 19:50:26,990 [INFO] [JOB] Iniciando polling — 2026-05-15T19:50:26.990099
2026-05-15 19:50:29,186 [INFO] [JOB] Concluído em 2.20s — total=90 new=0 status_changed=0 duplicate=90 | fila=220
2026-05-15 19:50:29,186 [INFO] Job "polling_job (trigger: interval[0:01:00], next run at: 2026-05-15 19:51:26 -03)" executed successfully
2026-05-15 19:51:26,994 [INFO] Running job "polling_job (trigger: interval[0:01:00], next run at: 2026-05-15 19:52:26 -03)" (scheduled at 2026-05-15 19:51:26.987490-03:00)
2026-05-15 19:51:26,994 [INFO] [JOB] Iniciando polling — 2026-05-15T19:51:26.994262
2026-05-15 19:51:28,943 [INFO] [JOB] Concluído em 1.95s — total=89 new=0 status_changed=0 duplicate=89 | fila=220
2026-05-15 19:51:28,943 [INFO] Job "polling_job (trigger: interval[0:01:00], next run at: 2026-05-15 19:52:26 -03)" executed successfully
2026-05-15 19:52:26,999 [INFO] Running job "polling_job (trigger: interval[0:01:00], next run at: 2026-05-15 19:53:26 -03)" (scheduled at 2026-05-15 19:52:26.987490-03:00)
2026-05-15 19:52:26,999 [INFO] [JOB] Iniciando polling — 2026-05-15T19:52:26.999675
2026-05-15 19:52:28,993 [INFO] [ENQUEUE] reason=status_changed alarmeId=4179727 dispositivo=SUB RACK BT loja=Afonso Pena 
2026-05-15 19:52:28,993 [INFO] [JOB] Concluído em 1.99s — total=89 new=0 status_changed=1 duplicate=88 | fila=221
2026-05-15 19:52:28,994 [INFO] Job "polling_job (trigger: interval[0:01:00], next run at: 2026-05-15 19:53:26 -03)" executed successfully
2026-05-15 19:53:26,991 [INFO] Running job "polling_job (trigger: interval[0:01:00], next run at: 2026-05-15 19:54:26 -03)" (scheduled at 2026-05-15 19:53:26.987490-03:00)
2026-05-15 19:53:26,992 [INFO] [JOB] Iniciando polling — 2026-05-15T19:53:26.992080
2026-05-15 19:53:28,963 [INFO] [JOB] Concluído em 1.97s — total=88 new=0 status_changed=0 duplicate=88 | fila=221
2026-05-15 19:53:28,963 [INFO] Job "polling_job (trigger: interval[0:01:00], next run at: 2026-05-15 19:54:26 -03)" executed successfully
2026-05-15 19:54:26,994 [INFO] Running job "polling_job (trigger: interval[0:01:00], next run at: 2026-05-15 19:55:26 -03)" (scheduled at 2026-05-15 19:54:26.987490-03:00)
2026-05-15 19:54:26,994 [INFO] [JOB] Iniciando polling — 2026-05-15T19:54:26.994830
2026-05-15 19:54:28,953 [INFO] [JOB] Concluído em 1.96s — total=87 new=0 status_changed=0 duplicate=87 | fila=221
2026-05-15 19:54:28,953 [INFO] Job "polling_job (trigger: interval[0:01:00], next run at: 2026-05-15 19:55:26 -03)" executed successfully
2026-05-15 19:55:26,989 [INFO] Running job "polling_job (trigger: interval[0:01:00], next run at: 2026-05-15 19:56:26 -03)" (scheduled at 2026-05-15 19:55:26.987490-03:00)
2026-05-15 19:55:26,989 [INFO] [JOB] Iniciando polling — 2026-05-15T19:55:26.989597
2026-05-15 19:55:29,158 [INFO] [JOB] Concluído em 2.17s — total=87 new=0 status_changed=0 duplicate=87 | fila=221
2026-05-15 19:55:29,159 [INFO] Job "polling_job (trigger: interval[0:01:00], next run at: 2026-05-15 19:56:26 -03)" executed successfully
2026-05-15 19:56:26,991 [INFO] Running job "polling_job (trigger: interval[0:01:00], next run at: 2026-05-15 19:57:26 -03)" (scheduled at 2026-05-15 19:56:26.987490-03:00)
2026-05-15 19:56:26,991 [INFO] [JOB] Iniciando polling — 2026-05-15T19:56:26.991570
2026-05-15 19:56:28,924 [INFO] [JOB] Concluído em 1.93s — total=87 new=0 status_changed=0 duplicate=87 | fila=221
2026-05-15 19:56:28,924 [INFO] Job "polling_job (trigger: interval[0:01:00], next run at: 2026-05-15 19:57:26 -03)" executed successfully
2026-05-15 19:57:26,988 [INFO] Running job "polling_job (trigger: interval[0:01:00], next run at: 2026-05-15 19:58:26 -03)" (scheduled at 2026-05-15 19:57:26.987490-03:00)
2026-05-15 19:57:26,989 [INFO] [JOB] Iniciando polling — 2026-05-15T19:57:26.989186
2026-05-15 19:57:28,968 [INFO] [ENQUEUE] reason=new alarmeId=4179941 dispositivo=ILHA SELF 16 loja=Atacado Cotripal
2026-05-15 19:57:28,969 [INFO] [ENQUEUE] reason=new alarmeId=4179942 dispositivo=RACK BTA loja=Sumare Loja 58
2026-05-15 19:57:28,969 [INFO] [JOB] Concluído em 1.98s — total=89 new=2 status_changed=0 duplicate=87 | fila=223
2026-05-15 19:57:28,969 [INFO] Job "polling_job (trigger: interval[0:01:00], next run at: 2026-05-15 19:58:26 -03)" executed successfully
2026-05-15 19:58:26,990 [INFO] Running job "polling_job (trigger: interval[0:01:00], next run at: 2026-05-15 19:59:26 -03)" (scheduled at 2026-05-15 19:58:26.987490-03:00)
2026-05-15 19:58:26,991 [INFO] [JOB] Iniciando polling — 2026-05-15T19:58:26.991123
2026-05-15 19:58:28,914 [INFO] [JOB] Concluído em 1.92s — total=89 new=0 status_changed=0 duplicate=89 | fila=223
2026-05-15 19:58:28,914 [INFO] Job "polling_job (trigger: interval[0:01:00], next run at: 2026-05-15 19:59:26 -03)" executed successfully
2026-05-15 19:59:27,005 [INFO] Running job "polling_job (trigger: interval[0:01:00], next run at: 2026-05-15 20:00:26 -03)" (scheduled at 2026-05-15 19:59:26.987490-03:00)
2026-05-15 19:59:27,005 [INFO] [JOB] Iniciando polling — 2026-05-15T19:59:27.005485
2026-05-15 19:59:28,940 [INFO] [ENQUEUE] reason=new alarmeId=4179945 dispositivo=4 - MTA 2G - C.F. Embalados loja=Comper 104 - Cuiabá - MT
2026-05-15 19:59:28,940 [INFO] [ENQUEUE] reason=status_changed alarmeId=4179783 dispositivo=8 - MTA 1Oa - EXP. CARNES EMBALADAS loja=Parque Verde
2026-05-15 19:59:28,940 [INFO] [JOB] Concluído em 1.94s — total=89 new=1 status_changed=1 duplicate=87 | fila=225
2026-05-15 19:59:28,941 [INFO] Job "polling_job (trigger: interval[0:01:00], next run at: 2026-05-15 20:00:26 -03)" executed successfully
2026-05-15 20:00:26,999 [INFO] Running job "polling_job (trigger: interval[0:01:00], next run at: 2026-05-15 20:01:26 -03)" (scheduled at 2026-05-15 20:00:26.987490-03:00)
2026-05-15 20:00:26,999 [INFO] [JOB] Iniciando polling — 2026-05-15T20:00:26.999661
2026-05-15 20:00:28,942 [INFO] [ENQUEUE] reason=status_changed alarmeId=4179683 dispositivo=BTA-3B - CF. CONG 1 loja=Fort 130 - SCS
2026-05-15 20:00:28,942 [INFO] [JOB] Concluído em 1.94s — total=89 new=0 status_changed=1 duplicate=88 | fila=226
2026-05-15 20:00:28,943 [INFO] Job "polling_job (trigger: interval[0:01:00], next run at: 2026-05-15 20:01:26 -03)" executed successfully
2026-05-15 20:01:27,003 [INFO] Running job "polling_job (trigger: interval[0:01:00], next run at: 2026-05-15 20:02:26 -03)" (scheduled at 2026-05-15 20:01:26.987490-03:00)
2026-05-15 20:01:27,003 [INFO] [JOB] Iniciando polling — 2026-05-15T20:01:27.003916
2026-05-15 20:01:29,075 [INFO] [JOB] Concluído em 2.07s — total=89 new=0 status_changed=0 duplicate=89 | fila=226
2026-05-15 20:01:29,076 [INFO] Job "polling_job (trigger: interval[0:01:00], next run at: 2026-05-15 20:02:26 -03)" executed successfully
2026-05-15 20:02:26,989 [INFO] Running job "polling_job (trigger: interval[0:01:00], next run at: 2026-05-15 20:03:26 -03)" (scheduled at 2026-05-15 20:02:26.987490-03:00)
2026-05-15 20:02:26,989 [INFO] [JOB] Iniciando polling — 2026-05-15T20:02:26.989397
2026-05-15 20:02:28,911 [INFO] [ENQUEUE] reason=new alarmeId=4179954 dispositivo=MTA-2C DOCA loja=CD Santa Lucia
2026-05-15 20:02:28,911 [INFO] [ENQUEUE] reason=new alarmeId=4179953 dispositivo=BTA-5A C.F. CONGELADOS (B) loja=CD Santa Lucia
2026-05-15 20:02:28,911 [INFO] [JOB] Concluído em 1.92s — total=91 new=2 status_changed=0 duplicate=89 | fila=228
2026-05-15 20:02:28,911 [INFO] Job "polling_job (trigger: interval[0:01:00], next run at: 2026-05-15 20:03:26 -03)" executed successfully
2026-05-15 20:03:27,002 [INFO] Running job "polling_job (trigger: interval[0:01:00], next run at: 2026-05-15 20:04:26 -03)" (scheduled at 2026-05-15 20:03:26.987490-03:00)
2026-05-15 20:03:27,002 [INFO] [JOB] Iniciando polling — 2026-05-15T20:03:27.002308
2026-05-15 20:03:28,947 [INFO] [JOB] Concluído em 1.95s — total=90 new=0 status_changed=0 duplicate=90 | fila=228
2026-05-15 20:03:28,947 [INFO] Job "polling_job (trigger: interval[0:01:00], next run at: 2026-05-15 20:04:26 -03)" executed successfully
2026-05-15 20:04:26,992 [INFO] Running job "polling_job (trigger: interval[0:01:00], next run at: 2026-05-15 20:05:26 -03)" (scheduled at 2026-05-15 20:04:26.987490-03:00)
2026-05-15 20:04:26,992 [INFO] [JOB] Iniciando polling — 2026-05-15T20:04:26.992484
2026-05-15 20:04:28,948 [INFO] [ENQUEUE] reason=status_changed alarmeId=4179805 dispositivo=BTA 1Ca - EXP. CONGELADOS (VHIC-18 T) loja=Parque Verde
2026-05-15 20:04:28,949 [INFO] [JOB] Concluído em 1.96s — total=90 new=0 status_changed=1 duplicate=89 | fila=229
2026-05-15 20:04:28,949 [INFO] Job "polling_job (trigger: interval[0:01:00], next run at: 2026-05-15 20:05:26 -03)" executed successfully
2026-05-15 20:05:26,989 [INFO] Running job "polling_job (trigger: interval[0:01:00], next run at: 2026-05-15 20:06:26 -03)" (scheduled at 2026-05-15 20:05:26.987490-03:00)
2026-05-15 20:05:26,990 [INFO] [JOB] Iniciando polling — 2026-05-15T20:05:26.990140
2026-05-15 20:05:28,949 [INFO] [JOB] Concluído em 1.96s — total=83 new=0 status_changed=0 duplicate=83 | fila=229
2026-05-15 20:05:28,949 [INFO] Job "polling_job (trigger: interval[0:01:00], next run at: 2026-05-15 20:06:26 -03)" executed successfully
2026-05-15 20:06:26,990 [INFO] Running job "polling_job (trigger: interval[0:01:00], next run at: 2026-05-15 20:07:26 -03)" (scheduled at 2026-05-15 20:06:26.987490-03:00)
2026-05-15 20:06:26,991 [INFO] [JOB] Iniciando polling — 2026-05-15T20:06:26.991134
2026-05-15 20:06:28,828 [INFO] [JOB] Concluído em 1.84s — total=83 new=0 status_changed=0 duplicate=83 | fila=229
2026-05-15 20:06:28,828 [INFO] Job "polling_job (trigger: interval[0:01:00], next run at: 2026-05-15 20:07:26 -03)" executed successfully
2026-05-15 20:07:26,996 [INFO] Running job "polling_job (trigger: interval[0:01:00], next run at: 2026-05-15 20:08:26 -03)" (scheduled at 2026-05-15 20:07:26.987490-03:00)
2026-05-15 20:07:26,996 [INFO] [JOB] Iniciando polling — 2026-05-15T20:07:26.996786
2026-05-15 20:07:28,805 [INFO] [JOB] Concluído em 1.81s — total=83 new=0 status_changed=0 duplicate=83 | fila=229
2026-05-15 20:07:28,805 [INFO] Job "polling_job (trigger: interval[0:01:00], next run at: 2026-05-15 20:08:26 -03)" executed successfully
2026-05-15 20:08:26,993 [INFO] Running job "polling_job (trigger: interval[0:01:00], next run at: 2026-05-15 20:09:26 -03)" (scheduled at 2026-05-15 20:08:26.987490-03:00)
2026-05-15 20:08:26,993 [INFO] [JOB] Iniciando polling — 2026-05-15T20:08:26.993512
2026-05-15 20:08:28,841 [INFO] [JOB] Concluído em 1.85s — total=82 new=0 status_changed=0 duplicate=82 | fila=229
2026-05-15 20:08:28,842 [INFO] Job "polling_job (trigger: interval[0:01:00], next run at: 2026-05-15 20:09:26 -03)" executed successfully
2026-05-15 20:09:26,988 [INFO] Running job "polling_job (trigger: interval[0:01:00], next run at: 2026-05-15 20:10:26 -03)" (scheduled at 2026-05-15 20:09:26.987490-03:00)
2026-05-15 20:09:26,988 [INFO] [JOB] Iniciando polling — 2026-05-15T20:09:26.988581
2026-05-15 20:09:29,535 [INFO] [JOB] Concluído em 2.55s — total=82 new=0 status_changed=0 duplicate=82 | fila=229
2026-05-15 20:09:29,535 [INFO] Job "polling_job (trigger: interval[0:01:00], next run at: 2026-05-15 20:10:26 -03)" executed successfully
2026-05-15 20:10:27,002 [INFO] Running job "polling_job (trigger: interval[0:01:00], next run at: 2026-05-15 20:11:26 -03)" (scheduled at 2026-05-15 20:10:26.987490-03:00)
2026-05-15 20:10:27,002 [INFO] [JOB] Iniciando polling — 2026-05-15T20:10:27.002661
2026-05-15 20:10:28,835 [INFO] [JOB] Concluído em 1.83s — total=82 new=0 status_changed=0 duplicate=82 | fila=229
2026-05-15 20:10:28,835 [INFO] Job "polling_job (trigger: interval[0:01:00], next run at: 2026-05-15 20:11:26 -03)" executed successfully
2026-05-15 20:11:27,006 [INFO] Running job "polling_job (trigger: interval[0:01:00], next run at: 2026-05-15 20:12:26 -03)" (scheduled at 2026-05-15 20:11:26.987490-03:00)
2026-05-15 20:11:27,006 [INFO] [JOB] Iniciando polling — 2026-05-15T20:11:27.006661
2026-05-15 20:11:28,798 [INFO] [JOB] Concluído em 1.79s — total=81 new=0 status_changed=0 duplicate=81 | fila=229
2026-05-15 20:11:28,798 [INFO] Job "polling_job (trigger: interval[0:01:00], next run at: 2026-05-15 20:12:26 -03)" executed successfully
2026-05-15 20:12:26,992 [INFO] Running job "polling_job (trigger: interval[0:01:00], next run at: 2026-05-15 20:13:26 -03)" (scheduled at 2026-05-15 20:12:26.987490-03:00)
2026-05-15 20:12:26,992 [INFO] [JOB] Iniciando polling — 2026-05-15T20:12:26.992656
2026-05-15 20:12:28,858 [INFO] [JOB] Concluído em 1.87s — total=80 new=0 status_changed=0 duplicate=80 | fila=229
2026-05-15 20:12:28,858 [INFO] Job "polling_job (trigger: interval[0:01:00], next run at: 2026-05-15 20:13:26 -03)" executed successfully
2026-05-15 20:13:26,999 [INFO] Running job "polling_job (trigger: interval[0:01:00], next run at: 2026-05-15 20:14:26 -03)" (scheduled at 2026-05-15 20:13:26.987490-03:00)
2026-05-15 20:13:27,000 [INFO] [JOB] Iniciando polling — 2026-05-15T20:13:27.000198
2026-05-15 20:13:28,808 [INFO] [JOB] Concluído em 1.81s — total=80 new=0 status_changed=0 duplicate=80 | fila=229
2026-05-15 20:13:28,809 [INFO] Job "polling_job (trigger: interval[0:01:00], next run at: 2026-05-15 20:14:26 -03)" executed successfully
2026-05-15 20:14:27,001 [INFO] Running job "polling_job (trigger: interval[0:01:00], next run at: 2026-05-15 20:15:26 -03)" (scheduled at 2026-05-15 20:14:26.987490-03:00)
2026-05-15 20:14:27,001 [INFO] [JOB] Iniciando polling — 2026-05-15T20:14:27.001532
2026-05-15 20:14:28,801 [INFO] [JOB] Concluído em 1.80s — total=80 new=0 status_changed=0 duplicate=80 | fila=229
2026-05-15 20:14:28,801 [INFO] Job "polling_job (trigger: interval[0:01:00], next run at: 2026-05-15 20:15:26 -03)" executed successfully
2026-05-15 20:15:27,003 [INFO] Running job "polling_job (trigger: interval[0:01:00], next run at: 2026-05-15 20:16:26 -03)" (scheduled at 2026-05-15 20:15:26.987490-03:00)
2026-05-15 20:15:27,003 [INFO] [JOB] Iniciando polling — 2026-05-15T20:15:27.003738
2026-05-15 20:15:28,834 [INFO] [JOB] Concluído em 1.83s — total=80 new=0 status_changed=0 duplicate=80 | fila=229
2026-05-15 20:15:28,834 [INFO] Job "polling_job (trigger: interval[0:01:00], next run at: 2026-05-15 20:16:26 -03)" executed successfully
2026-05-15 20:16:27,002 [INFO] Running job "polling_job (trigger: interval[0:01:00], next run at: 2026-05-15 20:17:26 -03)" (scheduled at 2026-05-15 20:16:26.987490-03:00)
2026-05-15 20:16:27,002 [INFO] [JOB] Iniciando polling — 2026-05-15T20:16:27.002969
2026-05-15 20:16:28,804 [INFO] [JOB] Concluído em 1.80s — total=80 new=0 status_changed=0 duplicate=80 | fila=229
2026-05-15 20:16:28,804 [INFO] Job "polling_job (trigger: interval[0:01:00], next run at: 2026-05-15 20:17:26 -03)" executed successfully
2026-05-15 20:17:26,992 [INFO] Running job "polling_job (trigger: interval[0:01:00], next run at: 2026-05-15 20:18:26 -03)" (scheduled at 2026-05-15 20:17:26.987490-03:00)
2026-05-15 20:17:26,992 [INFO] [JOB] Iniciando polling — 2026-05-15T20:17:26.992330
2026-05-15 20:17:28,804 [INFO] [ENQUEUE] reason=status_changed alarmeId=4179853 dispositivo=BTA 1A - EXP. CONGELADOS (VHIC-18 T) loja=Parque Verde
2026-05-15 20:17:28,805 [INFO] [JOB] Concluído em 1.81s — total=80 new=0 status_changed=1 duplicate=79 | fila=230
2026-05-15 20:17:28,805 [INFO] Job "polling_job (trigger: interval[0:01:00], next run at: 2026-05-15 20:18:26 -03)" executed successfully
2026-05-15 20:18:27,003 [INFO] Running job "polling_job (trigger: interval[0:01:00], next run at: 2026-05-15 20:19:26 -03)" (scheduled at 2026-05-15 20:18:26.987490-03:00)
2026-05-15 20:18:27,003 [INFO] [JOB] Iniciando polling — 2026-05-15T20:18:27.003862
2026-05-15 20:18:28,845 [INFO] [ENQUEUE] reason=new alarmeId=4179997 dispositivo=BTA-1C - Step-in loja=Bongi (30)
2026-05-15 20:18:28,845 [INFO] [JOB] Concluído em 1.84s — total=81 new=1 status_changed=0 duplicate=80 | fila=231
2026-05-15 20:18:28,845 [INFO] Job "polling_job (trigger: interval[0:01:00], next run at: 2026-05-15 20:19:26 -03)" executed successfully
2026-05-15 20:19:26,991 [INFO] Running job "polling_job (trigger: interval[0:01:00], next run at: 2026-05-15 20:20:26 -03)" (scheduled at 2026-05-15 20:19:26.987490-03:00)
2026-05-15 20:19:26,991 [INFO] [JOB] Iniciando polling — 2026-05-15T20:19:26.991634
2026-05-15 20:19:28,821 [INFO] [JOB] Concluído em 1.83s — total=81 new=0 status_changed=0 duplicate=81 | fila=231
2026-05-15 20:19:28,821 [INFO] Job "polling_job (trigger: interval[0:01:00], next run at: 2026-05-15 20:20:26 -03)" executed successfully
2026-05-15 20:20:26,992 [INFO] Running job "polling_job (trigger: interval[0:01:00], next run at: 2026-05-15 20:21:26 -03)" (scheduled at 2026-05-15 20:20:26.987490-03:00)
2026-05-15 20:20:26,992 [INFO] [JOB] Iniciando polling — 2026-05-15T20:20:26.992531
2026-05-15 20:20:28,836 [INFO] [ENQUEUE] reason=new alarmeId=4180001 dispositivo=BTA 1D - EXP. CONGELADOS (VHIC-18 T) loja=Parque Verde
2026-05-15 20:20:28,836 [INFO] [JOB] Concluído em 1.84s — total=81 new=1 status_changed=0 duplicate=80 | fila=232
2026-05-15 20:20:28,836 [INFO] Job "polling_job (trigger: interval[0:01:00], next run at: 2026-05-15 20:21:26 -03)" executed successfully
2026-05-15 20:21:26,993 [INFO] Running job "polling_job (trigger: interval[0:01:00], next run at: 2026-05-15 20:22:26 -03)" (scheduled at 2026-05-15 20:21:26.987490-03:00)
2026-05-15 20:21:26,993 [INFO] [JOB] Iniciando polling — 2026-05-15T20:21:26.993477
2026-05-15 20:21:28,883 [INFO] [ENQUEUE] reason=new alarmeId=4180009 dispositivo=1 - MTA 2I - PREPARO CLIM. loja=Piracicaba Loja 51
2026-05-15 20:21:28,883 [INFO] [JOB] Concluído em 1.89s — total=82 new=1 status_changed=0 duplicate=81 | fila=233
2026-05-15 20:21:28,884 [INFO] Job "polling_job (trigger: interval[0:01:00], next run at: 2026-05-15 20:22:26 -03)" executed successfully
2026-05-15 20:22:27,002 [INFO] Running job "polling_job (trigger: interval[0:01:00], next run at: 2026-05-15 20:23:26 -03)" (scheduled at 2026-05-15 20:22:26.987490-03:00)
2026-05-15 20:22:27,002 [INFO] [JOB] Iniciando polling — 2026-05-15T20:22:27.002660
2026-05-15 20:22:28,854 [INFO] [JOB] Concluído em 1.85s — total=81 new=0 status_changed=0 duplicate=81 | fila=233
2026-05-15 20:22:28,854 [INFO] Job "polling_job (trigger: interval[0:01:00], next run at: 2026-05-15 20:23:26 -03)" executed successfully
2026-05-15 20:23:26,997 [INFO] Running job "polling_job (trigger: interval[0:01:00], next run at: 2026-05-15 20:24:26 -03)" (scheduled at 2026-05-15 20:23:26.987490-03:00)
2026-05-15 20:23:26,997 [INFO] [JOB] Iniciando polling — 2026-05-15T20:23:26.997543
2026-05-15 20:23:28,825 [INFO] [JOB] Concluído em 1.83s — total=81 new=0 status_changed=0 duplicate=81 | fila=233
2026-05-15 20:23:28,826 [INFO] Job "polling_job (trigger: interval[0:01:00], next run at: 2026-05-15 20:24:26 -03)" executed successfully
2026-05-15 20:24:27,006 [INFO] Running job "polling_job (trigger: interval[0:01:00], next run at: 2026-05-15 20:25:26 -03)" (scheduled at 2026-05-15 20:24:26.987490-03:00)
2026-05-15 20:24:27,006 [INFO] [JOB] Iniciando polling — 2026-05-15T20:24:27.006928
2026-05-15 20:24:28,812 [INFO] [ENQUEUE] reason=new alarmeId=4180016 dispositivo=RACK MT loja=CD Santa Lucia
2026-05-15 20:24:28,813 [INFO] [JOB] Concluído em 1.81s — total=82 new=1 status_changed=0 duplicate=81 | fila=234
2026-05-15 20:24:28,813 [INFO] Job "polling_job (trigger: interval[0:01:00], next run at: 2026-05-15 20:25:26 -03)" executed successfully
2026-05-15 20:25:27,000 [INFO] Running job "polling_job (trigger: interval[0:01:00], next run at: 2026-05-15 20:26:26 -03)" (scheduled at 2026-05-15 20:25:26.987490-03:00)
2026-05-15 20:25:27,001 [INFO] [JOB] Iniciando polling — 2026-05-15T20:25:27.001148
2026-05-15 20:25:28,892 [INFO] [JOB] Concluído em 1.89s — total=82 new=0 status_changed=0 duplicate=82 | fila=234
2026-05-15 20:25:28,892 [INFO] Job "polling_job (trigger: interval[0:01:00], next run at: 2026-05-15 20:26:26 -03)" executed successfully
2026-05-15 20:26:26,992 [INFO] Running job "polling_job (trigger: interval[0:01:00], next run at: 2026-05-15 20:27:26 -03)" (scheduled at 2026-05-15 20:26:26.987490-03:00)
2026-05-15 20:26:26,992 [INFO] [JOB] Iniciando polling — 2026-05-15T20:26:26.992318
2026-05-15 20:26:28,894 [INFO] [JOB] Concluído em 1.90s — total=82 new=0 status_changed=0 duplicate=82 | fila=234
2026-05-15 20:26:28,895 [INFO] Job "polling_job (trigger: interval[0:01:00], next run at: 2026-05-15 20:27:26 -03)" executed successfully
2026-05-15 20:27:27,004 [INFO] Running job "polling_job (trigger: interval[0:01:00], next run at: 2026-05-15 20:28:26 -03)" (scheduled at 2026-05-15 20:27:26.987490-03:00)
2026-05-15 20:27:27,004 [INFO] [JOB] Iniciando polling — 2026-05-15T20:27:27.004687
2026-05-15 20:27:28,846 [INFO] [JOB] Concluído em 1.84s — total=82 new=0 status_changed=0 duplicate=82 | fila=234
2026-05-15 20:27:28,847 [INFO] Job "polling_job (trigger: interval[0:01:00], next run at: 2026-05-15 20:28:26 -03)" executed successfully
2026-05-15 20:28:26,990 [INFO] Running job "polling_job (trigger: interval[0:01:00], next run at: 2026-05-15 20:29:26 -03)" (scheduled at 2026-05-15 20:28:26.987490-03:00)
2026-05-15 20:28:26,990 [INFO] [JOB] Iniciando polling — 2026-05-15T20:28:26.990267
2026-05-15 20:28:28,859 [INFO] [JOB] Concluído em 1.87s — total=82 new=0 status_changed=0 duplicate=82 | fila=234
2026-05-15 20:28:28,860 [INFO] Job "polling_job (trigger: interval[0:01:00], next run at: 2026-05-15 20:29:26 -03)" executed successfully
2026-05-15 20:29:27,003 [INFO] Running job "polling_job (trigger: interval[0:01:00], next run at: 2026-05-15 20:30:26 -03)" (scheduled at 2026-05-15 20:29:26.987490-03:00)
2026-05-15 20:29:27,003 [INFO] [JOB] Iniciando polling — 2026-05-15T20:29:27.003354
2026-05-15 20:29:42,360 [ERROR] [FETCH] Timeout ao consultar a API
2026-05-15 20:29:42,361 [ERROR] [JOB] Falha na execução — próxima tentativa em 60s
2026-05-15 20:29:42,361 [INFO] Job "polling_job (trigger: interval[0:01:00], next run at: 2026-05-15 20:30:26 -03)" executed successfully
2026-05-15 20:30:26,988 [INFO] Running job "polling_job (trigger: interval[0:01:00], next run at: 2026-05-15 20:31:26 -03)" (scheduled at 2026-05-15 20:30:26.987490-03:00)
2026-05-15 20:30:26,988 [INFO] [JOB] Iniciando polling — 2026-05-15T20:30:26.988390
2026-05-15 20:30:29,557 [INFO] [ENQUEUE] reason=new alarmeId=4180034 dispositivo=UC BTA loja=Atacado Vem Loja Alto Lage
2026-05-15 20:30:29,557 [INFO] [JOB] Concluído em 2.57s — total=83 new=1 status_changed=0 duplicate=82 | fila=235
2026-05-15 20:30:29,558 [INFO] Job "polling_job (trigger: interval[0:01:00], next run at: 2026-05-15 20:31:26 -03)" executed successfully
2026-05-15 20:31:26,989 [INFO] Running job "polling_job (trigger: interval[0:01:00], next run at: 2026-05-15 20:32:26 -03)" (scheduled at 2026-05-15 20:31:26.987490-03:00)
2026-05-15 20:31:26,989 [INFO] [JOB] Iniciando polling — 2026-05-15T20:31:26.989658
2026-05-15 20:31:28,860 [INFO] [JOB] Concluído em 1.87s — total=83 new=0 status_changed=0 duplicate=83 | fila=235
2026-05-15 20:31:28,860 [INFO] Job "polling_job (trigger: interval[0:01:00], next run at: 2026-05-15 20:32:26 -03)" executed successfully
2026-05-15 20:32:27,008 [INFO] Running job "polling_job (trigger: interval[0:01:00], next run at: 2026-05-15 20:33:26 -03)" (scheduled at 2026-05-15 20:32:26.987490-03:00)
2026-05-15 20:32:27,008 [INFO] [JOB] Iniciando polling — 2026-05-15T20:32:27.008975
2026-05-15 20:32:28,833 [INFO] [JOB] Concluído em 1.82s — total=83 new=0 status_changed=0 duplicate=83 | fila=235
2026-05-15 20:32:28,833 [INFO] Job "polling_job (trigger: interval[0:01:00], next run at: 2026-05-15 20:33:26 -03)" executed successfully
2026-05-15 20:33:27,000 [INFO] Running job "polling_job (trigger: interval[0:01:00], next run at: 2026-05-15 20:34:26 -03)" (scheduled at 2026-05-15 20:33:26.987490-03:00)
2026-05-15 20:33:27,000 [INFO] [JOB] Iniciando polling — 2026-05-15T20:33:27.000578
2026-05-15 20:33:28,843 [INFO] [JOB] Concluído em 1.84s — total=83 new=0 status_changed=0 duplicate=83 | fila=235
2026-05-15 20:33:28,843 [INFO] Job "polling_job (trigger: interval[0:01:00], next run at: 2026-05-15 20:34:26 -03)" executed successfully
2026-05-15 20:34:27,003 [INFO] Running job "polling_job (trigger: interval[0:01:00], next run at: 2026-05-15 20:35:26 -03)" (scheduled at 2026-05-15 20:34:26.987490-03:00)
2026-05-15 20:34:27,003 [INFO] [JOB] Iniciando polling — 2026-05-15T20:34:27.003388
2026-05-15 20:34:28,867 [INFO] [JOB] Concluído em 1.86s — total=83 new=0 status_changed=0 duplicate=83 | fila=235
2026-05-15 20:34:28,867 [INFO] Job "polling_job (trigger: interval[0:01:00], next run at: 2026-05-15 20:35:26 -03)" executed successfully
2026-05-15 20:35:27,003 [INFO] Running job "polling_job (trigger: interval[0:01:00], next run at: 2026-05-15 20:36:26 -03)" (scheduled at 2026-05-15 20:35:26.987490-03:00)
2026-05-15 20:35:27,003 [INFO] [JOB] Iniciando polling — 2026-05-15T20:35:27.003465
2026-05-15 20:35:28,995 [INFO] [JOB] Concluído em 1.99s — total=83 new=0 status_changed=0 duplicate=83 | fila=235
2026-05-15 20:35:28,995 [INFO] Job "polling_job (trigger: interval[0:01:00], next run at: 2026-05-15 20:36:26 -03)" executed successfully
2026-05-15 20:36:27,003 [INFO] Running job "polling_job (trigger: interval[0:01:00], next run at: 2026-05-15 20:37:26 -03)" (scheduled at 2026-05-15 20:36:26.987490-03:00)
2026-05-15 20:36:27,003 [INFO] [JOB] Iniciando polling — 2026-05-15T20:36:27.003462
2026-05-15 20:36:28,813 [INFO] [JOB] Concluído em 1.81s — total=83 new=0 status_changed=0 duplicate=83 | fila=235
2026-05-15 20:36:28,813 [INFO] Job "polling_job (trigger: interval[0:01:00], next run at: 2026-05-15 20:37:26 -03)" executed successfully
2026-05-15 20:37:26,994 [INFO] Running job "polling_job (trigger: interval[0:01:00], next run at: 2026-05-15 20:38:26 -03)" (scheduled at 2026-05-15 20:37:26.987490-03:00)
2026-05-15 20:37:26,995 [INFO] [JOB] Iniciando polling — 2026-05-15T20:37:26.995048
2026-05-15 20:37:28,817 [INFO] [JOB] Concluído em 1.82s — total=83 new=0 status_changed=0 duplicate=83 | fila=235
2026-05-15 20:37:28,817 [INFO] Job "polling_job (trigger: interval[0:01:00], next run at: 2026-05-15 20:38:26 -03)" executed successfully
2026-05-15 20:38:27,001 [INFO] Running job "polling_job (trigger: interval[0:01:00], next run at: 2026-05-15 20:39:26 -03)" (scheduled at 2026-05-15 20:38:26.987490-03:00)
2026-05-15 20:38:27,001 [INFO] [JOB] Iniciando polling — 2026-05-15T20:38:27.001783
2026-05-15 20:38:28,861 [INFO] [JOB] Concluído em 1.86s — total=83 new=0 status_changed=0 duplicate=83 | fila=235
2026-05-15 20:38:28,861 [INFO] Job "polling_job (trigger: interval[0:01:00], next run at: 2026-05-15 20:39:26 -03)" executed successfully
2026-05-15 20:39:27,005 [INFO] Running job "polling_job (trigger: interval[0:01:00], next run at: 2026-05-15 20:40:26 -03)" (scheduled at 2026-05-15 20:39:26.987490-03:00)
2026-05-15 20:39:27,005 [INFO] [JOB] Iniciando polling — 2026-05-15T20:39:27.005688
2026-05-15 20:39:28,942 [INFO] [ENQUEUE] reason=new alarmeId=4180056 dispositivo=RACK BT loja=CD Santa Lucia
2026-05-15 20:39:28,942 [INFO] [ENQUEUE] reason=new alarmeId=4180054 dispositivo=RACK BT loja=CD Santa Lucia
2026-05-15 20:39:28,942 [INFO] [ENQUEUE] reason=new alarmeId=4180053 dispositivo=RACK BT loja=CD Santa Lucia
2026-05-15 20:39:28,942 [INFO] [ENQUEUE] reason=new alarmeId=4180057 dispositivo=RACK MT loja=CD Santa Lucia
2026-05-15 20:39:28,942 [INFO] [ENQUEUE] reason=new alarmeId=4180055 dispositivo=RACK BT loja=CD Santa Lucia
2026-05-15 20:39:28,943 [INFO] [JOB] Concluído em 1.94s — total=88 new=5 status_changed=0 duplicate=83 | fila=240
2026-05-15 20:39:28,943 [INFO] Job "polling_job (trigger: interval[0:01:00], next run at: 2026-05-15 20:40:26 -03)" executed successfully
2026-05-15 20:40:26,990 [INFO] Running job "polling_job (trigger: interval[0:01:00], next run at: 2026-05-15 20:41:26 -03)" (scheduled at 2026-05-15 20:40:26.987490-03:00)
2026-05-15 20:40:26,991 [INFO] [JOB] Iniciando polling — 2026-05-15T20:40:26.990985
2026-05-15 20:40:28,930 [INFO] [ENQUEUE] reason=new alarmeId=4180060 dispositivo=HIGHPACK 02 - COMPRESSOR 01 loja=CARUARU (30)
2026-05-15 20:40:28,930 [INFO] [JOB] Concluído em 1.94s — total=89 new=1 status_changed=0 duplicate=88 | fila=241
2026-05-15 20:40:28,930 [INFO] Job "polling_job (trigger: interval[0:01:00], next run at: 2026-05-15 20:41:26 -03)" executed successfully
2026-05-15 20:41:26,995 [INFO] Running job "polling_job (trigger: interval[0:01:00], next run at: 2026-05-15 20:42:26 -03)" (scheduled at 2026-05-15 20:41:26.987490-03:00)
2026-05-15 20:41:26,995 [INFO] [JOB] Iniciando polling — 2026-05-15T20:41:26.995265
2026-05-15 20:41:28,976 [INFO] [ENQUEUE] reason=new alarmeId=4180067 dispositivo=RACK BTA loja=Sumare Loja 58
2026-05-15 20:41:28,977 [INFO] [JOB] Concluído em 1.98s — total=90 new=1 status_changed=0 duplicate=89 | fila=242
2026-05-15 20:41:28,977 [INFO] Job "polling_job (trigger: interval[0:01:00], next run at: 2026-05-15 20:42:26 -03)" executed successfully
2026-05-15 20:42:26,994 [INFO] Running job "polling_job (trigger: interval[0:01:00], next run at: 2026-05-15 20:43:26 -03)" (scheduled at 2026-05-15 20:42:26.987490-03:00)
2026-05-15 20:42:26,994 [INFO] [JOB] Iniciando polling — 2026-05-15T20:42:26.994502
2026-05-15 20:42:28,936 [INFO] [JOB] Concluído em 1.94s — total=90 new=0 status_changed=0 duplicate=90 | fila=242
2026-05-15 20:42:28,936 [INFO] Job "polling_job (trigger: interval[0:01:00], next run at: 2026-05-15 20:43:26 -03)" executed successfully
2026-05-15 20:43:26,988 [INFO] Running job "polling_job (trigger: interval[0:01:00], next run at: 2026-05-15 20:44:26 -03)" (scheduled at 2026-05-15 20:43:26.987490-03:00)
2026-05-15 20:43:26,989 [INFO] [JOB] Iniciando polling — 2026-05-15T20:43:26.989053
2026-05-15 20:43:28,930 [INFO] [JOB] Concluído em 1.94s — total=90 new=0 status_changed=0 duplicate=90 | fila=242
2026-05-15 20:43:28,930 [INFO] Job "polling_job (trigger: interval[0:01:00], next run at: 2026-05-15 20:44:26 -03)" executed successfully
2026-05-15 20:44:26,988 [INFO] Running job "polling_job (trigger: interval[0:01:00], next run at: 2026-05-15 20:45:26 -03)" (scheduled at 2026-05-15 20:44:26.987490-03:00)
2026-05-15 20:44:26,988 [INFO] [JOB] Iniciando polling — 2026-05-15T20:44:26.988873
2026-05-15 20:44:28,991 [INFO] [ENQUEUE] reason=new alarmeId=4180072 dispositivo=BTA-2D - C. F. Congelados loja=Campo de Santana
2026-05-15 20:44:28,991 [INFO] [JOB] Concluído em 2.00s — total=91 new=1 status_changed=0 duplicate=90 | fila=243
2026-05-15 20:44:28,991 [INFO] Job "polling_job (trigger: interval[0:01:00], next run at: 2026-05-15 20:45:26 -03)" executed successfully
2026-05-15 20:45:26,988 [INFO] Running job "polling_job (trigger: interval[0:01:00], next run at: 2026-05-15 20:46:26 -03)" (scheduled at 2026-05-15 20:45:26.987490-03:00)
2026-05-15 20:45:26,988 [INFO] [JOB] Iniciando polling — 2026-05-15T20:45:26.988642
2026-05-15 20:45:28,927 [INFO] [ENQUEUE] reason=new alarmeId=4180073 dispositivo=BTA 2C - C.F CONGELADOS loja=COMPER 99 
2026-05-15 20:45:28,927 [INFO] [JOB] Concluído em 1.94s — total=92 new=1 status_changed=0 duplicate=91 | fila=244
2026-05-15 20:45:28,927 [INFO] Job "polling_job (trigger: interval[0:01:00], next run at: 2026-05-15 20:46:26 -03)" executed successfully
2026-05-15 20:46:26,990 [INFO] Running job "polling_job (trigger: interval[0:01:00], next run at: 2026-05-15 20:47:26 -03)" (scheduled at 2026-05-15 20:46:26.987490-03:00)
2026-05-15 20:46:26,991 [INFO] [JOB] Iniciando polling — 2026-05-15T20:46:26.991013
2026-05-15 20:46:28,921 [INFO] [ENQUEUE] reason=new alarmeId=4180082 dispositivo=MTC 1B - EXP. AÇOUGUE (VPXRT-0) loja=Meta 21 SM- Loja Calama
2026-05-15 20:46:28,921 [INFO] [JOB] Concluído em 1.93s — total=92 new=1 status_changed=0 duplicate=91 | fila=245
2026-05-15 20:46:28,921 [INFO] Job "polling_job (trigger: interval[0:01:00], next run at: 2026-05-15 20:47:26 -03)" executed successfully
2026-05-15 20:47:27,004 [INFO] Running job "polling_job (trigger: interval[0:01:00], next run at: 2026-05-15 20:48:26 -03)" (scheduled at 2026-05-15 20:47:26.987490-03:00)
2026-05-15 20:47:27,004 [INFO] [JOB] Iniciando polling — 2026-05-15T20:47:27.004796
2026-05-15 20:47:29,021 [INFO] [JOB] Concluído em 2.02s — total=91 new=0 status_changed=0 duplicate=91 | fila=245
2026-05-15 20:47:29,021 [INFO] Job "polling_job (trigger: interval[0:01:00], next run at: 2026-05-15 20:48:26 -03)" executed successfully
2026-05-15 20:48:27,003 [INFO] Running job "polling_job (trigger: interval[0:01:00], next run at: 2026-05-15 20:49:26 -03)" (scheduled at 2026-05-15 20:48:26.987490-03:00)
2026-05-15 20:48:27,004 [INFO] [JOB] Iniciando polling — 2026-05-15T20:48:27.004077
2026-05-15 20:48:28,930 [INFO] [JOB] Concluído em 1.93s — total=90 new=0 status_changed=0 duplicate=90 | fila=245
2026-05-15 20:48:28,931 [INFO] Job "polling_job (trigger: interval[0:01:00], next run at: 2026-05-15 20:49:26 -03)" executed successfully
2026-05-15 20:49:26,989 [INFO] Running job "polling_job (trigger: interval[0:01:00], next run at: 2026-05-15 20:50:26 -03)" (scheduled at 2026-05-15 20:49:26.987490-03:00)
2026-05-15 20:49:26,989 [INFO] [JOB] Iniciando polling — 2026-05-15T20:49:26.989318
2026-05-15 20:49:28,863 [INFO] [ENQUEUE] reason=status_changed alarmeId=4179812 dispositivo=UC BTC loja=LEVE ALIMENTOS 
2026-05-15 20:49:28,863 [INFO] [JOB] Concluído em 1.87s — total=89 new=0 status_changed=1 duplicate=88 | fila=246
2026-05-15 20:49:28,863 [INFO] Job "polling_job (trigger: interval[0:01:00], next run at: 2026-05-15 20:50:26 -03)" executed successfully
2026-05-15 20:50:27,002 [INFO] Running job "polling_job (trigger: interval[0:01:00], next run at: 2026-05-15 20:51:26 -03)" (scheduled at 2026-05-15 20:50:26.987490-03:00)
2026-05-15 20:50:27,002 [INFO] [JOB] Iniciando polling — 2026-05-15T20:50:27.002617
2026-05-15 20:50:29,073 [INFO] [ENQUEUE] reason=status_changed alarmeId=4179822 dispositivo=RACK RESFRIADOS MT loja=Fort 170 - Vila Celia - MSN
2026-05-15 20:50:29,073 [INFO] [ENQUEUE] reason=status_changed alarmeId=4179854 dispositivo=TROCADOR GLICOL 2 loja=Fort 170 - Vila Celia - MSN
2026-05-15 20:50:29,074 [INFO] [JOB] Concluído em 2.07s — total=89 new=0 status_changed=2 duplicate=87 | fila=248
2026-05-15 20:50:29,074 [INFO] Job "polling_job (trigger: interval[0:01:00], next run at: 2026-05-15 20:51:26 -03)" executed successfully
2026-05-15 20:51:27,001 [INFO] Running job "polling_job (trigger: interval[0:01:00], next run at: 2026-05-15 20:52:26 -03)" (scheduled at 2026-05-15 20:51:26.987490-03:00)
2026-05-15 20:51:27,001 [INFO] [JOB] Iniciando polling — 2026-05-15T20:51:27.001867
2026-05-15 20:51:28,948 [INFO] [ENQUEUE] reason=new alarmeId=4180097 dispositivo=MTC 1C - EXP. AÇOUGUE (VPXRT-0) loja=Meta 21 SM- Loja Calama
2026-05-15 20:51:28,948 [INFO] [JOB] Concluído em 1.95s — total=90 new=1 status_changed=0 duplicate=89 | fila=249
2026-05-15 20:51:28,949 [INFO] Job "polling_job (trigger: interval[0:01:00], next run at: 2026-05-15 20:52:26 -03)" executed successfully
2026-05-15 20:52:27,001 [INFO] Running job "polling_job (trigger: interval[0:01:00], next run at: 2026-05-15 20:53:26 -03)" (scheduled at 2026-05-15 20:52:26.987490-03:00)
2026-05-15 20:52:27,001 [INFO] [JOB] Iniciando polling — 2026-05-15T20:52:27.001266
2026-05-15 20:52:28,969 [INFO] [ENQUEUE] reason=new alarmeId=4180099 dispositivo=BTA 1I - CF. CONGELADOS (09) loja=Afonso Pena 
2026-05-15 20:52:28,969 [INFO] [ENQUEUE] reason=new alarmeId=4180101 dispositivo=SUB RACK BT loja=Afonso Pena 
2026-05-15 20:52:28,969 [INFO] [JOB] Concluído em 1.97s — total=92 new=2 status_changed=0 duplicate=90 | fila=251
2026-05-15 20:52:28,970 [INFO] Job "polling_job (trigger: interval[0:01:00], next run at: 2026-05-15 20:53:26 -03)" executed successfully
2026-05-15 20:53:27,010 [INFO] Running job "polling_job (trigger: interval[0:01:00], next run at: 2026-05-15 20:54:26 -03)" (scheduled at 2026-05-15 20:53:26.987490-03:00)
2026-05-15 20:53:27,010 [INFO] [JOB] Iniciando polling — 2026-05-15T20:53:27.010485
2026-05-15 20:53:28,945 [INFO] [JOB] Concluído em 1.93s — total=92 new=0 status_changed=0 duplicate=92 | fila=251
2026-05-15 20:53:28,945 [INFO] Job "polling_job (trigger: interval[0:01:00], next run at: 2026-05-15 20:54:26 -03)" executed successfully
2026-05-15 20:54:26,994 [INFO] Running job "polling_job (trigger: interval[0:01:00], next run at: 2026-05-15 20:55:26 -03)" (scheduled at 2026-05-15 20:54:26.987490-03:00)
2026-05-15 20:54:26,994 [INFO] [JOB] Iniciando polling — 2026-05-15T20:54:26.994656
2026-05-15 20:54:28,919 [INFO] [ENQUEUE] reason=status_changed alarmeId=4179953 dispositivo=BTA-5A C.F. CONGELADOS (B) loja=CD Santa Lucia
2026-05-15 20:54:28,920 [INFO] [ENQUEUE] reason=status_changed alarmeId=4179954 dispositivo=MTA-2C DOCA loja=CD Santa Lucia
2026-05-15 20:54:28,920 [INFO] [JOB] Concluído em 1.93s — total=91 new=0 status_changed=2 duplicate=89 | fila=253
2026-05-15 20:54:28,920 [INFO] Job "polling_job (trigger: interval[0:01:00], next run at: 2026-05-15 20:55:26 -03)" executed successfully
2026-05-15 20:55:26,989 [INFO] Running job "polling_job (trigger: interval[0:01:00], next run at: 2026-05-15 20:56:26 -03)" (scheduled at 2026-05-15 20:55:26.987490-03:00)
2026-05-15 20:55:26,989 [INFO] [JOB] Iniciando polling — 2026-05-15T20:55:26.989825
2026-05-15 20:55:28,959 [INFO] [JOB] Concluído em 1.97s — total=89 new=0 status_changed=0 duplicate=89 | fila=253
2026-05-15 20:55:28,959 [INFO] Job "polling_job (trigger: interval[0:01:00], next run at: 2026-05-15 20:56:26 -03)" executed successfully
2026-05-15 20:56:26,989 [INFO] Running job "polling_job (trigger: interval[0:01:00], next run at: 2026-05-15 20:57:26 -03)" (scheduled at 2026-05-15 20:56:26.987490-03:00)
2026-05-15 20:56:26,990 [INFO] [JOB] Iniciando polling — 2026-05-15T20:56:26.990029
2026-05-15 20:56:28,989 [INFO] [JOB] Concluído em 2.00s — total=88 new=0 status_changed=0 duplicate=88 | fila=253
2026-05-15 20:56:28,990 [INFO] Job "polling_job (trigger: interval[0:01:00], next run at: 2026-05-15 20:57:26 -03)" executed successfully
2026-05-15 20:57:26,988 [INFO] Running job "polling_job (trigger: interval[0:01:00], next run at: 2026-05-15 20:58:26 -03)" (scheduled at 2026-05-15 20:57:26.987490-03:00)
2026-05-15 20:57:26,988 [INFO] [JOB] Iniciando polling — 2026-05-15T20:57:26.988510
2026-05-15 20:57:28,943 [INFO] [JOB] Concluído em 1.95s — total=86 new=0 status_changed=0 duplicate=86 | fila=253
2026-05-15 20:57:28,943 [INFO] Job "polling_job (trigger: interval[0:01:00], next run at: 2026-05-15 20:58:26 -03)" executed successfully
2026-05-15 20:58:26,991 [INFO] Running job "polling_job (trigger: interval[0:01:00], next run at: 2026-05-15 20:59:26 -03)" (scheduled at 2026-05-15 20:58:26.987490-03:00)
2026-05-15 20:58:26,991 [INFO] [JOB] Iniciando polling — 2026-05-15T20:58:26.991771
2026-05-15 20:58:28,989 [INFO] [JOB] Concluído em 2.00s — total=86 new=0 status_changed=0 duplicate=86 | fila=253
2026-05-15 20:58:28,989 [INFO] Job "polling_job (trigger: interval[0:01:00], next run at: 2026-05-15 20:59:26 -03)" executed successfully
2026-05-15 20:59:26,991 [INFO] Running job "polling_job (trigger: interval[0:01:00], next run at: 2026-05-15 21:00:26 -03)" (scheduled at 2026-05-15 20:59:26.987490-03:00)
2026-05-15 20:59:26,991 [INFO] [JOB] Iniciando polling — 2026-05-15T20:59:26.991519
2026-05-15 20:59:28,944 [INFO] [JOB] Concluído em 1.95s — total=86 new=0 status_changed=0 duplicate=86 | fila=253
2026-05-15 20:59:28,945 [INFO] Job "polling_job (trigger: interval[0:01:00], next run at: 2026-05-15 21:00:26 -03)" executed successfully
2026-05-15 21:00:27,004 [INFO] Running job "polling_job (trigger: interval[0:01:00], next run at: 2026-05-15 21:01:26 -03)" (scheduled at 2026-05-15 21:00:26.987490-03:00)
2026-05-15 21:00:27,004 [INFO] [JOB] Iniciando polling — 2026-05-15T21:00:27.004834
2026-05-15 21:00:28,890 [INFO] [ENQUEUE] reason=new alarmeId=4180113 dispositivo=BTA 1J - EXP. CONGELADOS (VSK-18) loja=Parque Verde
2026-05-15 21:00:28,890 [INFO] [JOB] Concluído em 1.89s — total=87 new=1 status_changed=0 duplicate=86 | fila=254
2026-05-15 21:00:28,890 [INFO] Job "polling_job (trigger: interval[0:01:00], next run at: 2026-05-15 21:01:26 -03)" executed successfully
2026-05-15 21:01:26,996 [INFO] Running job "polling_job (trigger: interval[0:01:00], next run at: 2026-05-15 21:02:26 -03)" (scheduled at 2026-05-15 21:01:26.987490-03:00)
2026-05-15 21:01:26,996 [INFO] [JOB] Iniciando polling — 2026-05-15T21:01:26.996574
2026-05-15 21:01:29,027 [INFO] [JOB] Concluído em 2.03s — total=87 new=0 status_changed=0 duplicate=87 | fila=254
2026-05-15 21:01:29,028 [INFO] Job "polling_job (trigger: interval[0:01:00], next run at: 2026-05-15 21:02:26 -03)" executed successfully
2026-05-15 21:02:26,995 [INFO] Running job "polling_job (trigger: interval[0:01:00], next run at: 2026-05-15 21:03:26 -03)" (scheduled at 2026-05-15 21:02:26.987490-03:00)
2026-05-15 21:02:26,995 [INFO] [JOB] Iniciando polling — 2026-05-15T21:02:26.995659
2026-05-15 21:02:28,834 [INFO] [JOB] Concluído em 1.84s — total=87 new=0 status_changed=0 duplicate=87 | fila=254
2026-05-15 21:02:28,834 [INFO] Job "polling_job (trigger: interval[0:01:00], next run at: 2026-05-15 21:03:26 -03)" executed successfully
2026-05-15 21:03:26,995 [INFO] Running job "polling_job (trigger: interval[0:01:00], next run at: 2026-05-15 21:04:26 -03)" (scheduled at 2026-05-15 21:03:26.987490-03:00)
2026-05-15 21:03:26,995 [INFO] [JOB] Iniciando polling — 2026-05-15T21:03:26.995340
2026-05-15 21:03:28,943 [INFO] [ENQUEUE] reason=status_changed alarmeId=4180113 dispositivo=BTA 1J - EXP. CONGELADOS (VSK-18) loja=Parque Verde
2026-05-15 21:03:28,943 [INFO] [JOB] Concluído em 1.95s — total=87 new=0 status_changed=1 duplicate=86 | fila=255
2026-05-15 21:03:28,943 [INFO] Job "polling_job (trigger: interval[0:01:00], next run at: 2026-05-15 21:04:26 -03)" executed successfully
2026-05-15 21:04:27,002 [INFO] Running job "polling_job (trigger: interval[0:01:00], next run at: 2026-05-15 21:05:26 -03)" (scheduled at 2026-05-15 21:04:26.987490-03:00)
2026-05-15 21:04:27,002 [INFO] [JOB] Iniciando polling — 2026-05-15T21:04:27.002447
2026-05-15 21:04:28,961 [INFO] [ENQUEUE] reason=new alarmeId=4180119 dispositivo=BTA 2A - C.F CONGELADOS loja=COMPER 99 
2026-05-15 21:04:28,961 [INFO] [JOB] Concluído em 1.96s — total=88 new=1 status_changed=0 duplicate=87 | fila=256
2026-05-15 21:04:28,962 [INFO] Job "polling_job (trigger: interval[0:01:00], next run at: 2026-05-15 21:05:26 -03)" executed successfully
2026-05-15 21:05:27,009 [INFO] Running job "polling_job (trigger: interval[0:01:00], next run at: 2026-05-15 21:06:26 -03)" (scheduled at 2026-05-15 21:05:26.987490-03:00)
2026-05-15 21:05:27,009 [INFO] [JOB] Iniciando polling — 2026-05-15T21:05:27.009832
2026-05-15 21:05:28,859 [INFO] [JOB] Concluído em 1.85s — total=88 new=0 status_changed=0 duplicate=88 | fila=256
2026-05-15 21:05:28,860 [INFO] Job "polling_job (trigger: interval[0:01:00], next run at: 2026-05-15 21:06:26 -03)" executed successfully
2026-05-15 21:06:26,991 [INFO] Running job "polling_job (trigger: interval[0:01:00], next run at: 2026-05-15 21:07:26 -03)" (scheduled at 2026-05-15 21:06:26.987490-03:00)
2026-05-15 21:06:26,992 [INFO] [JOB] Iniciando polling — 2026-05-15T21:06:26.992010
2026-05-15 21:06:28,970 [INFO] [JOB] Concluído em 1.98s — total=88 new=0 status_changed=0 duplicate=88 | fila=256
2026-05-15 21:06:28,970 [INFO] Job "polling_job (trigger: interval[0:01:00], next run at: 2026-05-15 21:07:26 -03)" executed successfully
2026-05-15 21:07:26,990 [INFO] Running job "polling_job (trigger: interval[0:01:00], next run at: 2026-05-15 21:08:26 -03)" (scheduled at 2026-05-15 21:07:26.987490-03:00)
2026-05-15 21:07:26,990 [INFO] [JOB] Iniciando polling — 2026-05-15T21:07:26.990353
2026-05-15 21:07:28,943 [INFO] [ENQUEUE] reason=new alarmeId=4180135 dispositivo=BTA-4A C.F. CONGELADOS (B) loja=CD Santa Lucia
2026-05-15 21:07:28,943 [INFO] [ENQUEUE] reason=new alarmeId=4180138 dispositivo=MTA-3B CIRCULAÇÃO loja=CD Santa Lucia
2026-05-15 21:07:28,943 [INFO] [ENQUEUE] reason=new alarmeId=4180137 dispositivo=MTA-4A C.F. AVARIAS loja=CD Santa Lucia
2026-05-15 21:07:28,943 [INFO] [ENQUEUE] reason=new alarmeId=4180141 dispositivo=BTA-2A C.F. CONGELADOS (A) loja=CD Santa Lucia
2026-05-15 21:07:28,943 [INFO] [ENQUEUE] reason=new alarmeId=4180142 dispositivo=BTA-1A C.F. CONGELADOS (A) loja=CD Santa Lucia
2026-05-15 21:07:28,943 [INFO] [ENQUEUE] reason=new alarmeId=4180136 dispositivo=MTA-4B MANIPULAÇÃO 02 loja=CD Santa Lucia
2026-05-15 21:07:28,944 [INFO] [ENQUEUE] reason=new alarmeId=4180134 dispositivo=MTA-4E DOCA loja=CD Santa Lucia
2026-05-15 21:07:28,944 [INFO] [ENQUEUE] reason=new alarmeId=4180140 dispositivo=MTA-2A C.F. RESFRIADOS (1) loja=CD Santa Lucia
2026-05-15 21:07:28,944 [INFO] [ENQUEUE] reason=new alarmeId=4180133 dispositivo=BTA-3A C.F. CONGELADOS (B) loja=CD Santa Lucia
2026-05-15 21:07:28,944 [INFO] [ENQUEUE] reason=new alarmeId=4180132 dispositivo=MTA-4F DOCA loja=CD Santa Lucia
2026-05-15 21:07:28,944 [INFO] [ENQUEUE] reason=new alarmeId=4180139 dispositivo=MTA-3A C.F. RESFRIADOS (2) loja=CD Santa Lucia
2026-05-15 21:07:28,944 [INFO] [JOB] Concluído em 1.95s — total=99 new=11 status_changed=0 duplicate=88 | fila=267
2026-05-15 21:07:28,945 [INFO] Job "polling_job (trigger: interval[0:01:00], next run at: 2026-05-15 21:08:26 -03)" executed successfully
2026-05-15 21:08:27,007 [INFO] Running job "polling_job (trigger: interval[0:01:00], next run at: 2026-05-15 21:09:26 -03)" (scheduled at 2026-05-15 21:08:26.987490-03:00)
2026-05-15 21:08:27,007 [INFO] [JOB] Iniciando polling — 2026-05-15T21:08:27.007431
2026-05-15 21:08:28,960 [INFO] [ENQUEUE] reason=new alarmeId=4180146 dispositivo=BUFFET ROTISSERIA loja=Pedro Gusso
2026-05-15 21:08:28,960 [INFO] [JOB] Concluído em 1.95s — total=100 new=1 status_changed=0 duplicate=99 | fila=268
2026-05-15 21:08:28,961 [INFO] Job "polling_job (trigger: interval[0:01:00], next run at: 2026-05-15 21:09:26 -03)" executed successfully
2026-05-15 21:09:27,007 [INFO] Running job "polling_job (trigger: interval[0:01:00], next run at: 2026-05-15 21:10:26 -03)" (scheduled at 2026-05-15 21:09:26.987490-03:00)
2026-05-15 21:09:27,007 [INFO] [JOB] Iniciando polling — 2026-05-15T21:09:27.007377
2026-05-15 21:09:28,963 [INFO] [ENQUEUE] reason=new alarmeId=4180149 dispositivo=Ilha - ICF 3 loja=Piraquara
2026-05-15 21:09:28,964 [INFO] [JOB] Concluído em 1.96s — total=101 new=1 status_changed=0 duplicate=100 | fila=269
2026-05-15 21:09:28,964 [INFO] Job "polling_job (trigger: interval[0:01:00], next run at: 2026-05-15 21:10:26 -03)" executed successfully
2026-05-15 21:10:26,991 [INFO] Running job "polling_job (trigger: interval[0:01:00], next run at: 2026-05-15 21:11:26 -03)" (scheduled at 2026-05-15 21:10:26.987490-03:00)
2026-05-15 21:10:26,992 [INFO] [JOB] Iniciando polling — 2026-05-15T21:10:26.992032
2026-05-15 21:10:28,981 [INFO] [JOB] Concluído em 1.99s — total=101 new=0 status_changed=0 duplicate=101 | fila=269
2026-05-15 21:10:28,981 [INFO] Job "polling_job (trigger: interval[0:01:00], next run at: 2026-05-15 21:11:26 -03)" executed successfully
2026-05-15 21:11:27,005 [INFO] Running job "polling_job (trigger: interval[0:01:00], next run at: 2026-05-15 21:12:26 -03)" (scheduled at 2026-05-15 21:11:26.987490-03:00)
2026-05-15 21:11:27,005 [INFO] [JOB] Iniciando polling — 2026-05-15T21:11:27.005489
2026-05-15 21:11:28,970 [INFO] [ENQUEUE] reason=status_changed alarmeId=4180001 dispositivo=BTA 1D - EXP. CONGELADOS (VHIC-18 T) loja=Parque Verde
2026-05-15 21:11:28,970 [INFO] [JOB] Concluído em 1.97s — total=101 new=0 status_changed=1 duplicate=100 | fila=270
2026-05-15 21:11:28,971 [INFO] Job "polling_job (trigger: interval[0:01:00], next run at: 2026-05-15 21:12:26 -03)" executed successfully
2026-05-15 21:12:26,993 [INFO] Running job "polling_job (trigger: interval[0:01:00], next run at: 2026-05-15 21:13:26 -03)" (scheduled at 2026-05-15 21:12:26.987490-03:00)
2026-05-15 21:12:26,993 [INFO] [JOB] Iniciando polling — 2026-05-15T21:12:26.993596
2026-05-15 21:12:28,912 [INFO] [JOB] Concluído em 1.92s — total=101 new=0 status_changed=0 duplicate=101 | fila=270
2026-05-15 21:12:28,912 [INFO] Job "polling_job (trigger: interval[0:01:00], next run at: 2026-05-15 21:13:26 -03)" executed successfully
2026-05-15 21:13:26,994 [INFO] Running job "polling_job (trigger: interval[0:01:00], next run at: 2026-05-15 21:14:26 -03)" (scheduled at 2026-05-15 21:13:26.987490-03:00)
2026-05-15 21:13:26,994 [INFO] [JOB] Iniciando polling — 2026-05-15T21:13:26.994881
2026-05-15 21:13:28,914 [INFO] [JOB] Concluído em 1.92s — total=101 new=0 status_changed=0 duplicate=101 | fila=270
2026-05-15 21:13:28,914 [INFO] Job "polling_job (trigger: interval[0:01:00], next run at: 2026-05-15 21:14:26 -03)" executed successfully
2026-05-15 21:14:26,995 [INFO] Running job "polling_job (trigger: interval[0:01:00], next run at: 2026-05-15 21:15:26 -03)" (scheduled at 2026-05-15 21:14:26.987490-03:00)
2026-05-15 21:14:26,995 [INFO] [JOB] Iniciando polling — 2026-05-15T21:14:26.995546
2026-05-15 21:14:28,958 [INFO] [JOB] Concluído em 1.96s — total=100 new=0 status_changed=0 duplicate=100 | fila=270
2026-05-15 21:14:28,958 [INFO] Job "polling_job (trigger: interval[0:01:00], next run at: 2026-05-15 21:15:26 -03)" executed successfully
2026-05-15 21:15:27,002 [INFO] Running job "polling_job (trigger: interval[0:01:00], next run at: 2026-05-15 21:16:26 -03)" (scheduled at 2026-05-15 21:15:26.987490-03:00)
2026-05-15 21:15:27,002 [INFO] [JOB] Iniciando polling — 2026-05-15T21:15:27.002460
2026-05-15 21:15:29,127 [INFO] [ENQUEUE] reason=new alarmeId=4180164 dispositivo=BTB 1A - C.F. CONGELADOS loja=Paulistão Ribeirão Preto Loja 306
2026-05-15 21:15:29,128 [INFO] [JOB] Concluído em 2.13s — total=100 new=1 status_changed=0 duplicate=99 | fila=271
2026-05-15 21:15:29,128 [INFO] Job "polling_job (trigger: interval[0:01:00], next run at: 2026-05-15 21:16:26 -03)" executed successfully
2026-05-15 21:16:27,001 [INFO] Running job "polling_job (trigger: interval[0:01:00], next run at: 2026-05-15 21:17:26 -03)" (scheduled at 2026-05-15 21:16:26.987490-03:00)
2026-05-15 21:16:27,001 [INFO] [JOB] Iniciando polling — 2026-05-15T21:16:27.001625
2026-05-15 21:16:28,963 [INFO] [ENQUEUE] reason=status_changed alarmeId=4180016 dispositivo=RACK MT loja=CD Santa Lucia
2026-05-15 21:16:28,963 [INFO] [JOB] Concluído em 1.96s — total=100 new=0 status_changed=1 duplicate=99 | fila=272
2026-05-15 21:16:28,963 [INFO] Job "polling_job (trigger: interval[0:01:00], next run at: 2026-05-15 21:17:26 -03)" executed successfully
2026-05-15 21:17:26,988 [INFO] Running job "polling_job (trigger: interval[0:01:00], next run at: 2026-05-15 21:18:26 -03)" (scheduled at 2026-05-15 21:17:26.987490-03:00)
2026-05-15 21:17:26,988 [INFO] [JOB] Iniciando polling — 2026-05-15T21:17:26.988869
2026-05-15 21:17:28,901 [INFO] [JOB] Concluído em 1.91s — total=100 new=0 status_changed=0 duplicate=100 | fila=272
2026-05-15 21:17:28,901 [INFO] Job "polling_job (trigger: interval[0:01:00], next run at: 2026-05-15 21:18:26 -03)" executed successfully
2026-05-15 21:18:26,994 [INFO] Running job "polling_job (trigger: interval[0:01:00], next run at: 2026-05-15 21:19:26 -03)" (scheduled at 2026-05-15 21:18:26.987490-03:00)
2026-05-15 21:18:26,995 [INFO] [JOB] Iniciando polling — 2026-05-15T21:18:26.995047
2026-05-15 21:18:28,949 [INFO] [JOB] Concluído em 1.95s — total=100 new=0 status_changed=0 duplicate=100 | fila=272
2026-05-15 21:18:28,949 [INFO] Job "polling_job (trigger: interval[0:01:00], next run at: 2026-05-15 21:19:26 -03)" executed successfully
2026-05-15 21:19:26,999 [INFO] Running job "polling_job (trigger: interval[0:01:00], next run at: 2026-05-15 21:20:26 -03)" (scheduled at 2026-05-15 21:19:26.987490-03:00)
2026-05-15 21:19:26,999 [INFO] [JOB] Iniciando polling — 2026-05-15T21:19:26.999404
2026-05-15 21:19:28,957 [INFO] [JOB] Concluído em 1.96s — total=100 new=0 status_changed=0 duplicate=100 | fila=272
2026-05-15 21:19:28,958 [INFO] Job "polling_job (trigger: interval[0:01:00], next run at: 2026-05-15 21:20:26 -03)" executed successfully
2026-05-15 21:20:26,989 [INFO] Running job "polling_job (trigger: interval[0:01:00], next run at: 2026-05-15 21:21:26 -03)" (scheduled at 2026-05-15 21:20:26.987490-03:00)
2026-05-15 21:20:26,990 [INFO] [JOB] Iniciando polling — 2026-05-15T21:20:26.989986
2026-05-15 21:20:30,386 [INFO] [JOB] Concluído em 3.40s — total=98 new=0 status_changed=0 duplicate=98 | fila=272
2026-05-15 21:20:30,386 [INFO] Job "polling_job (trigger: interval[0:01:00], next run at: 2026-05-15 21:21:26 -03)" executed successfully
2026-05-15 21:21:27,008 [INFO] Running job "polling_job (trigger: interval[0:01:00], next run at: 2026-05-15 21:22:26 -03)" (scheduled at 2026-05-15 21:21:26.987490-03:00)
2026-05-15 21:21:27,008 [INFO] [JOB] Iniciando polling — 2026-05-15T21:21:27.008315
2026-05-15 21:21:28,982 [INFO] [JOB] Concluído em 1.97s — total=97 new=0 status_changed=0 duplicate=97 | fila=272
2026-05-15 21:21:28,982 [INFO] Job "polling_job (trigger: interval[0:01:00], next run at: 2026-05-15 21:22:26 -03)" executed successfully
2026-05-15 21:22:27,006 [INFO] Running job "polling_job (trigger: interval[0:01:00], next run at: 2026-05-15 21:23:26 -03)" (scheduled at 2026-05-15 21:22:26.987490-03:00)
2026-05-15 21:22:27,007 [INFO] [JOB] Iniciando polling — 2026-05-15T21:22:27.007212
2026-05-15 21:22:29,007 [INFO] [ENQUEUE] reason=status_changed alarmeId=4179318 dispositivo=Sinal de Vida loja=Paulistão Araraquara Loja 301
2026-05-15 21:22:29,007 [INFO] [ENQUEUE] reason=status_changed alarmeId=4180016 dispositivo=RACK MT loja=CD Santa Lucia
2026-05-15 21:22:29,007 [INFO] [ENQUEUE] reason=status_changed alarmeId=4180034 dispositivo=UC BTA loja=Atacado Vem Loja Alto Lage
2026-05-15 21:22:29,008 [INFO] [JOB] Concluído em 2.00s — total=97 new=0 status_changed=3 duplicate=94 | fila=275
2026-05-15 21:22:29,008 [INFO] Job "polling_job (trigger: interval[0:01:00], next run at: 2026-05-15 21:23:26 -03)" executed successfully
2026-05-15 21:23:26,989 [INFO] Running job "polling_job (trigger: interval[0:01:00], next run at: 2026-05-15 21:24:26 -03)" (scheduled at 2026-05-15 21:23:26.987490-03:00)
2026-05-15 21:23:26,989 [INFO] [JOB] Iniciando polling — 2026-05-15T21:23:26.989382
2026-05-15 21:23:28,956 [INFO] [JOB] Concluído em 1.97s — total=94 new=0 status_changed=0 duplicate=94 | fila=275
2026-05-15 21:23:28,956 [INFO] Job "polling_job (trigger: interval[0:01:00], next run at: 2026-05-15 21:24:26 -03)" executed successfully
2026-05-15 21:24:26,999 [INFO] Running job "polling_job (trigger: interval[0:01:00], next run at: 2026-05-15 21:25:26 -03)" (scheduled at 2026-05-15 21:24:26.987490-03:00)
2026-05-15 21:24:27,000 [INFO] [JOB] Iniciando polling — 2026-05-15T21:24:27.000267
2026-05-15 21:24:29,048 [INFO] [ENQUEUE] reason=new alarmeId=4180183 dispositivo=UC MTC loja=Meta 21 SM- Loja Calama
2026-05-15 21:24:29,048 [INFO] [JOB] Concluído em 2.05s — total=95 new=1 status_changed=0 duplicate=94 | fila=276
2026-05-15 21:24:29,049 [INFO] Job "polling_job (trigger: interval[0:01:00], next run at: 2026-05-15 21:25:26 -03)" executed successfully
2026-05-15 21:25:27,004 [INFO] Running job "polling_job (trigger: interval[0:01:00], next run at: 2026-05-15 21:26:26 -03)" (scheduled at 2026-05-15 21:25:26.987490-03:00)
2026-05-15 21:25:27,004 [INFO] [JOB] Iniciando polling — 2026-05-15T21:25:27.004825
2026-05-15 21:25:29,014 [INFO] [JOB] Concluído em 2.01s — total=95 new=0 status_changed=0 duplicate=95 | fila=276
2026-05-15 21:25:29,014 [INFO] Job "polling_job (trigger: interval[0:01:00], next run at: 2026-05-15 21:26:26 -03)" executed successfully
2026-05-15 21:26:27,004 [INFO] Running job "polling_job (trigger: interval[0:01:00], next run at: 2026-05-15 21:27:26 -03)" (scheduled at 2026-05-15 21:26:26.987490-03:00)
2026-05-15 21:26:27,004 [INFO] [JOB] Iniciando polling — 2026-05-15T21:26:27.004342
2026-05-15 21:26:28,889 [INFO] [JOB] Concluído em 1.89s — total=94 new=0 status_changed=0 duplicate=94 | fila=276
2026-05-15 21:26:28,889 [INFO] Job "polling_job (trigger: interval[0:01:00], next run at: 2026-05-15 21:27:26 -03)" executed successfully
2026-05-15 21:27:27,003 [INFO] Running job "polling_job (trigger: interval[0:01:00], next run at: 2026-05-15 21:28:26 -03)" (scheduled at 2026-05-15 21:27:26.987490-03:00)
2026-05-15 21:27:27,003 [INFO] [JOB] Iniciando polling — 2026-05-15T21:27:27.003600
2026-05-15 21:27:28,938 [INFO] [JOB] Concluído em 1.93s — total=94 new=0 status_changed=0 duplicate=94 | fila=276
2026-05-15 21:27:28,938 [INFO] Job "polling_job (trigger: interval[0:01:00], next run at: 2026-05-15 21:28:26 -03)" executed successfully
2026-05-15 21:28:27,002 [INFO] Running job "polling_job (trigger: interval[0:01:00], next run at: 2026-05-15 21:29:26 -03)" (scheduled at 2026-05-15 21:28:26.987490-03:00)
2026-05-15 21:28:27,003 [INFO] [JOB] Iniciando polling — 2026-05-15T21:28:27.003176
2026-05-15 21:28:28,952 [INFO] [JOB] Concluído em 1.95s — total=94 new=0 status_changed=0 duplicate=94 | fila=276
2026-05-15 21:28:28,952 [INFO] Job "polling_job (trigger: interval[0:01:00], next run at: 2026-05-15 21:29:26 -03)" executed successfully
2026-05-15 21:29:26,990 [INFO] Running job "polling_job (trigger: interval[0:01:00], next run at: 2026-05-15 21:30:26 -03)" (scheduled at 2026-05-15 21:29:26.987490-03:00)
2026-05-15 21:29:26,990 [INFO] [JOB] Iniciando polling — 2026-05-15T21:29:26.990318
2026-05-15 21:29:28,919 [INFO] [JOB] Concluído em 1.93s — total=93 new=0 status_changed=0 duplicate=93 | fila=276
2026-05-15 21:29:28,919 [INFO] Job "polling_job (trigger: interval[0:01:00], next run at: 2026-05-15 21:30:26 -03)" executed successfully
2026-05-15 21:30:26,990 [INFO] Running job "polling_job (trigger: interval[0:01:00], next run at: 2026-05-15 21:31:26 -03)" (scheduled at 2026-05-15 21:30:26.987490-03:00)
2026-05-15 21:30:26,990 [INFO] [JOB] Iniciando polling — 2026-05-15T21:30:26.990364
2026-05-15 21:30:28,949 [INFO] [ENQUEUE] reason=status_changed alarmeId=4180056 dispositivo=RACK BT loja=CD Santa Lucia
2026-05-15 21:30:28,949 [INFO] [JOB] Concluído em 1.96s — total=93 new=0 status_changed=1 duplicate=92 | fila=277
2026-05-15 21:30:28,949 [INFO] Job "polling_job (trigger: interval[0:01:00], next run at: 2026-05-15 21:31:26 -03)" executed successfully
2026-05-15 21:31:27,000 [INFO] Running job "polling_job (trigger: interval[0:01:00], next run at: 2026-05-15 21:32:26 -03)" (scheduled at 2026-05-15 21:31:26.987490-03:00)
2026-05-15 21:31:27,000 [INFO] [JOB] Iniciando polling — 2026-05-15T21:31:27.000688
2026-05-15 21:31:28,843 [INFO] [ENQUEUE] reason=status_changed alarmeId=4180054 dispositivo=RACK BT loja=CD Santa Lucia
2026-05-15 21:31:28,843 [INFO] [ENQUEUE] reason=status_changed alarmeId=4180053 dispositivo=RACK BT loja=CD Santa Lucia
2026-05-15 21:31:28,843 [INFO] [ENQUEUE] reason=status_changed alarmeId=4180057 dispositivo=RACK MT loja=CD Santa Lucia
2026-05-15 21:31:28,843 [INFO] [ENQUEUE] reason=status_changed alarmeId=4180055 dispositivo=RACK BT loja=CD Santa Lucia
2026-05-15 21:31:28,843 [INFO] [JOB] Concluído em 1.84s — total=93 new=0 status_changed=4 duplicate=89 | fila=281
2026-05-15 21:31:28,843 [INFO] Job "polling_job (trigger: interval[0:01:00], next run at: 2026-05-15 21:32:26 -03)" executed successfully
2026-05-15 21:32:27,010 [INFO] Running job "polling_job (trigger: interval[0:01:00], next run at: 2026-05-15 21:33:26 -03)" (scheduled at 2026-05-15 21:32:26.987490-03:00)
2026-05-15 21:32:27,010 [INFO] [JOB] Iniciando polling — 2026-05-15T21:32:27.010277
2026-05-15 21:32:28,983 [INFO] [JOB] Concluído em 1.97s — total=92 new=0 status_changed=0 duplicate=92 | fila=281
2026-05-15 21:32:28,983 [INFO] Job "polling_job (trigger: interval[0:01:00], next run at: 2026-05-15 21:33:26 -03)" executed successfully
2026-05-15 21:33:26,988 [INFO] Running job "polling_job (trigger: interval[0:01:00], next run at: 2026-05-15 21:34:26 -03)" (scheduled at 2026-05-15 21:33:26.987490-03:00)
2026-05-15 21:33:26,988 [INFO] [JOB] Iniciando polling — 2026-05-15T21:33:26.988486
2026-05-15 21:33:28,956 [INFO] [JOB] Concluído em 1.97s — total=92 new=0 status_changed=0 duplicate=92 | fila=281
2026-05-15 21:33:28,956 [INFO] Job "polling_job (trigger: interval[0:01:00], next run at: 2026-05-15 21:34:26 -03)" executed successfully
2026-05-15 21:34:26,991 [INFO] Running job "polling_job (trigger: interval[0:01:00], next run at: 2026-05-15 21:35:26 -03)" (scheduled at 2026-05-15 21:34:26.987490-03:00)
2026-05-15 21:34:26,991 [INFO] [JOB] Iniciando polling — 2026-05-15T21:34:26.991945
2026-05-15 21:34:28,940 [INFO] [JOB] Concluído em 1.95s — total=92 new=0 status_changed=0 duplicate=92 | fila=281
2026-05-15 21:34:28,940 [INFO] Job "polling_job (trigger: interval[0:01:00], next run at: 2026-05-15 21:35:26 -03)" executed successfully
2026-05-15 21:35:27,000 [INFO] Running job "polling_job (trigger: interval[0:01:00], next run at: 2026-05-15 21:36:26 -03)" (scheduled at 2026-05-15 21:35:26.987490-03:00)
2026-05-15 21:35:27,000 [INFO] [JOB] Iniciando polling — 2026-05-15T21:35:27.000953
2026-05-15 21:35:28,943 [INFO] [ENQUEUE] reason=new alarmeId=4180202 dispositivo=UC BTC loja=Meta 21 SM- Loja Calama
2026-05-15 21:35:28,943 [INFO] [JOB] Concluído em 1.94s — total=93 new=1 status_changed=0 duplicate=92 | fila=282
2026-05-15 21:35:28,944 [INFO] Job "polling_job (trigger: interval[0:01:00], next run at: 2026-05-15 21:36:26 -03)" executed successfully
2026-05-15 21:36:26,989 [INFO] Running job "polling_job (trigger: interval[0:01:00], next run at: 2026-05-15 21:37:26 -03)" (scheduled at 2026-05-15 21:36:26.987490-03:00)
2026-05-15 21:36:26,989 [INFO] [JOB] Iniciando polling — 2026-05-15T21:36:26.989872
2026-05-15 21:36:29,243 [INFO] [ENQUEUE] reason=new alarmeId=4180210 dispositivo=Ilha - ICF 10 loja=Piraquara
2026-05-15 21:36:29,244 [INFO] [ENQUEUE] reason=new alarmeId=4180213 dispositivo=RACK MT loja=CD Santa Lucia
2026-05-15 21:36:29,244 [INFO] [ENQUEUE] reason=status_changed alarmeId=4180072 dispositivo=BTA-2D - C. F. Congelados loja=Campo de Santana
2026-05-15 21:36:29,244 [INFO] [JOB] Concluído em 2.25s — total=94 new=2 status_changed=1 duplicate=91 | fila=285
2026-05-15 21:36:29,244 [INFO] Job "polling_job (trigger: interval[0:01:00], next run at: 2026-05-15 21:37:26 -03)" executed successfully
2026-05-15 21:37:27,002 [INFO] Running job "polling_job (trigger: interval[0:01:00], next run at: 2026-05-15 21:38:26 -03)" (scheduled at 2026-05-15 21:37:26.987490-03:00)
2026-05-15 21:37:27,002 [INFO] [JOB] Iniciando polling — 2026-05-15T21:37:27.002447
2026-05-15 21:37:28,928 [INFO] [ENQUEUE] reason=new alarmeId=4180215 dispositivo=MTA-2K,2L - PREP. CLIM. FRIOS loja=Loja Monte Alto
2026-05-15 21:37:28,929 [INFO] [JOB] Concluído em 1.93s — total=95 new=1 status_changed=0 duplicate=94 | fila=286
2026-05-15 21:37:28,929 [INFO] Job "polling_job (trigger: interval[0:01:00], next run at: 2026-05-15 21:38:26 -03)" executed successfully
2026-05-15 21:38:27,001 [INFO] Running job "polling_job (trigger: interval[0:01:00], next run at: 2026-05-15 21:39:26 -03)" (scheduled at 2026-05-15 21:38:26.987490-03:00)
2026-05-15 21:38:27,002 [INFO] [JOB] Iniciando polling — 2026-05-15T21:38:27.002118
2026-05-15 21:38:28,856 [INFO] [ENQUEUE] reason=new alarmeId=4180220 dispositivo=BTA 1Eb - EXP. CONGELADOS (VHY-18) loja=Parque Verde
2026-05-15 21:38:28,856 [INFO] [ENQUEUE] reason=new alarmeId=4180219 dispositivo=BTA 1Ec - EXP. CONGELADOS (VHY-18) loja=Parque Verde
2026-05-15 21:38:28,857 [INFO] [JOB] Concluído em 1.86s — total=97 new=2 status_changed=0 duplicate=95 | fila=288
2026-05-15 21:38:28,857 [INFO] Job "polling_job (trigger: interval[0:01:00], next run at: 2026-05-15 21:39:26 -03)" executed successfully
2026-05-15 21:39:27,004 [INFO] Running job "polling_job (trigger: interval[0:01:00], next run at: 2026-05-15 21:40:26 -03)" (scheduled at 2026-05-15 21:39:26.987490-03:00)
2026-05-15 21:39:27,004 [INFO] [JOB] Iniciando polling — 2026-05-15T21:39:27.004523
2026-05-15 21:39:28,923 [INFO] [JOB] Concluído em 1.92s — total=97 new=0 status_changed=0 duplicate=97 | fila=288
2026-05-15 21:39:28,923 [INFO] Job "polling_job (trigger: interval[0:01:00], next run at: 2026-05-15 21:40:26 -03)" executed successfully
2026-05-15 21:40:27,004 [INFO] Running job "polling_job (trigger: interval[0:01:00], next run at: 2026-05-15 21:41:26 -03)" (scheduled at 2026-05-15 21:40:26.987490-03:00)
2026-05-15 21:40:27,004 [INFO] [JOB] Iniciando polling — 2026-05-15T21:40:27.004402
2026-05-15 21:40:29,042 [INFO] [ENQUEUE] reason=new alarmeId=4180225 dispositivo=UC BTB LC 404 loja=Carazinho
2026-05-15 21:40:29,042 [INFO] [JOB] Concluído em 2.04s — total=98 new=1 status_changed=0 duplicate=97 | fila=289
2026-05-15 21:40:29,042 [INFO] Job "polling_job (trigger: interval[0:01:00], next run at: 2026-05-15 21:41:26 -03)" executed successfully
2026-05-15 21:41:27,003 [INFO] Running job "polling_job (trigger: interval[0:01:00], next run at: 2026-05-15 21:42:26 -03)" (scheduled at 2026-05-15 21:41:26.987490-03:00)
2026-05-15 21:41:27,003 [INFO] [JOB] Iniciando polling — 2026-05-15T21:41:27.003388
2026-05-15 21:41:28,950 [INFO] [JOB] Concluído em 1.95s — total=98 new=0 status_changed=0 duplicate=98 | fila=289
2026-05-15 21:41:28,950 [INFO] Job "polling_job (trigger: interval[0:01:00], next run at: 2026-05-15 21:42:26 -03)" executed successfully
2026-05-15 21:42:26,994 [INFO] Running job "polling_job (trigger: interval[0:01:00], next run at: 2026-05-15 21:43:26 -03)" (scheduled at 2026-05-15 21:42:26.987490-03:00)
2026-05-15 21:42:26,995 [INFO] [JOB] Iniciando polling — 2026-05-15T21:42:26.995217
2026-05-15 21:42:28,821 [INFO] [ENQUEUE] reason=new alarmeId=4180232 dispositivo=BTA 1Fb - EXP. CONGELADOS (VHY-18) loja=Parque Verde
2026-05-15 21:42:28,821 [INFO] [ENQUEUE] reason=status_changed alarmeId=4180009 dispositivo=1 - MTA 2I - PREPARO CLIM. loja=Piracicaba Loja 51
2026-05-15 21:42:28,822 [INFO] [JOB] Concluído em 1.83s — total=98 new=1 status_changed=1 duplicate=96 | fila=291
2026-05-15 21:42:28,822 [INFO] Job "polling_job (trigger: interval[0:01:00], next run at: 2026-05-15 21:43:26 -03)" executed successfully
2026-05-15 21:43:26,989 [INFO] Running job "polling_job (trigger: interval[0:01:00], next run at: 2026-05-15 21:44:26 -03)" (scheduled at 2026-05-15 21:43:26.987490-03:00)
2026-05-15 21:43:26,989 [INFO] [JOB] Iniciando polling — 2026-05-15T21:43:26.989655
2026-05-15 21:43:28,804 [INFO] [JOB] Concluído em 1.82s — total=97 new=0 status_changed=0 duplicate=97 | fila=291
2026-05-15 21:43:28,805 [INFO] Job "polling_job (trigger: interval[0:01:00], next run at: 2026-05-15 21:44:26 -03)" executed successfully
2026-05-15 21:44:27,010 [INFO] Running job "polling_job (trigger: interval[0:01:00], next run at: 2026-05-15 21:45:26 -03)" (scheduled at 2026-05-15 21:44:26.987490-03:00)
2026-05-15 21:44:27,011 [INFO] [JOB] Iniciando polling — 2026-05-15T21:44:27.011023
2026-05-15 21:44:29,001 [INFO] [ENQUEUE] reason=new alarmeId=4180236 dispositivo=BTA 1Fa - EXP. CONGELADOS (VHY-18) loja=Parque Verde
2026-05-15 21:44:29,001 [INFO] [JOB] Concluído em 1.99s — total=95 new=1 status_changed=0 duplicate=94 | fila=292
2026-05-15 21:44:29,002 [INFO] Job "polling_job (trigger: interval[0:01:00], next run at: 2026-05-15 21:45:26 -03)" executed successfully
2026-05-15 21:45:26,988 [INFO] Running job "polling_job (trigger: interval[0:01:00], next run at: 2026-05-15 21:46:26 -03)" (scheduled at 2026-05-15 21:45:26.987490-03:00)
2026-05-15 21:45:26,989 [INFO] [JOB] Iniciando polling — 2026-05-15T21:45:26.989099
2026-05-15 21:45:29,054 [INFO] [JOB] Concluído em 2.07s — total=94 new=0 status_changed=0 duplicate=94 | fila=292
2026-05-15 21:45:29,054 [INFO] Job "polling_job (trigger: interval[0:01:00], next run at: 2026-05-15 21:46:26 -03)" executed successfully
2026-05-15 21:46:26,988 [INFO] Running job "polling_job (trigger: interval[0:01:00], next run at: 2026-05-15 21:47:26 -03)" (scheduled at 2026-05-15 21:46:26.987490-03:00)
2026-05-15 21:46:26,988 [INFO] [JOB] Iniciando polling — 2026-05-15T21:46:26.988469
2026-05-15 21:46:28,908 [INFO] [ENQUEUE] reason=new alarmeId=4180249 dispositivo=3 - MTA 1Ac - EXP. AÇOUGUE loja=Meta 21 SM- Loja Calama
2026-05-15 21:46:28,909 [INFO] [JOB] Concluído em 1.92s — total=93 new=1 status_changed=0 duplicate=92 | fila=293
2026-05-15 21:46:28,909 [INFO] Job "polling_job (trigger: interval[0:01:00], next run at: 2026-05-15 21:47:26 -03)" executed successfully
2026-05-15 21:47:27,008 [INFO] Running job "polling_job (trigger: interval[0:01:00], next run at: 2026-05-15 21:48:26 -03)" (scheduled at 2026-05-15 21:47:26.987490-03:00)
2026-05-15 21:47:27,008 [INFO] [JOB] Iniciando polling — 2026-05-15T21:47:27.008770
2026-05-15 21:47:28,830 [INFO] [ENQUEUE] reason=new alarmeId=4180252 dispositivo=SUB RACK BT loja=Afonso Pena 
2026-05-15 21:47:28,830 [INFO] [JOB] Concluído em 1.82s — total=94 new=1 status_changed=0 duplicate=93 | fila=294
2026-05-15 21:47:28,830 [INFO] Job "polling_job (trigger: interval[0:01:00], next run at: 2026-05-15 21:48:26 -03)" executed successfully
2026-05-15 21:48:27,007 [INFO] Running job "polling_job (trigger: interval[0:01:00], next run at: 2026-05-15 21:49:26 -03)" (scheduled at 2026-05-15 21:48:26.987490-03:00)
2026-05-15 21:48:27,007 [INFO] [JOB] Iniciando polling — 2026-05-15T21:48:27.007983
2026-05-15 21:48:28,930 [INFO] [ENQUEUE] reason=new alarmeId=4180256 dispositivo=RACK BT loja=CD Santa Lucia
2026-05-15 21:48:28,931 [INFO] [JOB] Concluído em 1.92s — total=95 new=1 status_changed=0 duplicate=94 | fila=295
2026-05-15 21:48:28,931 [INFO] Job "polling_job (trigger: interval[0:01:00], next run at: 2026-05-15 21:49:26 -03)" executed successfully
2026-05-15 21:49:27,007 [INFO] Running job "polling_job (trigger: interval[0:01:00], next run at: 2026-05-15 21:50:26 -03)" (scheduled at 2026-05-15 21:49:26.987490-03:00)
2026-05-15 21:49:27,007 [INFO] [JOB] Iniciando polling — 2026-05-15T21:49:27.007223
2026-05-15 21:49:29,312 [INFO] [JOB] Concluído em 2.31s — total=93 new=0 status_changed=0 duplicate=93 | fila=295
2026-05-15 21:49:29,312 [INFO] Job "polling_job (trigger: interval[0:01:00], next run at: 2026-05-15 21:50:26 -03)" executed successfully
2026-05-15 21:50:27,006 [INFO] Running job "polling_job (trigger: interval[0:01:00], next run at: 2026-05-15 21:51:26 -03)" (scheduled at 2026-05-15 21:50:26.987490-03:00)
2026-05-15 21:50:27,006 [INFO] [JOB] Iniciando polling — 2026-05-15T21:50:27.006481
2026-05-15 21:50:28,934 [INFO] [ENQUEUE] reason=new alarmeId=4180258 dispositivo=BTA 2B - C.F. CONGELADOS FRIOS loja=Sumare Loja 58
2026-05-15 21:50:28,934 [INFO] [ENQUEUE] reason=status_changed alarmeId=4179435 dispositivo=BTA 1Ea - EXP. CONGELADOS (VHY-18) loja=Parque Verde
2026-05-15 21:50:28,934 [INFO] [ENQUEUE] reason=status_changed alarmeId=4180073 dispositivo=BTA 2C - C.F CONGELADOS loja=COMPER 99 
2026-05-15 21:50:28,934 [INFO] [JOB] Concluído em 1.93s — total=88 new=1 status_changed=2 duplicate=85 | fila=298
2026-05-15 21:50:28,935 [INFO] Job "polling_job (trigger: interval[0:01:00], next run at: 2026-05-15 21:51:26 -03)" executed successfully
2026-05-15 21:51:27,005 [INFO] Running job "polling_job (trigger: interval[0:01:00], next run at: 2026-05-15 21:52:26 -03)" (scheduled at 2026-05-15 21:51:26.987490-03:00)
2026-05-15 21:51:27,006 [INFO] [JOB] Iniciando polling — 2026-05-15T21:51:27.006129
2026-05-15 21:51:28,836 [INFO] [JOB] Concluído em 1.83s — total=88 new=0 status_changed=0 duplicate=88 | fila=298
2026-05-15 21:51:28,836 [INFO] Job "polling_job (trigger: interval[0:01:00], next run at: 2026-05-15 21:52:26 -03)" executed successfully
2026-05-15 21:52:27,005 [INFO] Running job "polling_job (trigger: interval[0:01:00], next run at: 2026-05-15 21:53:26 -03)" (scheduled at 2026-05-15 21:52:26.987490-03:00)
2026-05-15 21:52:27,005 [INFO] [JOB] Iniciando polling — 2026-05-15T21:52:27.005412
2026-05-15 21:52:28,835 [INFO] [JOB] Concluído em 1.83s — total=87 new=0 status_changed=0 duplicate=87 | fila=298
2026-05-15 21:52:28,835 [INFO] Job "polling_job (trigger: interval[0:01:00], next run at: 2026-05-15 21:53:26 -03)" executed successfully
2026-05-15 21:53:27,004 [INFO] Running job "polling_job (trigger: interval[0:01:00], next run at: 2026-05-15 21:54:26 -03)" (scheduled at 2026-05-15 21:53:26.987490-03:00)
2026-05-15 21:53:27,004 [INFO] [JOB] Iniciando polling — 2026-05-15T21:53:27.004305
2026-05-15 21:53:28,801 [INFO] [JOB] Concluído em 1.80s — total=86 new=0 status_changed=0 duplicate=86 | fila=298
2026-05-15 21:53:28,801 [INFO] Job "polling_job (trigger: interval[0:01:00], next run at: 2026-05-15 21:54:26 -03)" executed successfully
2026-05-15 21:54:26,991 [INFO] Running job "polling_job (trigger: interval[0:01:00], next run at: 2026-05-15 21:55:26 -03)" (scheduled at 2026-05-15 21:54:26.987490-03:00)
2026-05-15 21:54:26,991 [INFO] [JOB] Iniciando polling — 2026-05-15T21:54:26.991471
2026-05-15 21:54:29,728 [INFO] [JOB] Concluído em 2.74s — total=86 new=0 status_changed=0 duplicate=86 | fila=298
2026-05-15 21:54:29,728 [INFO] Job "polling_job (trigger: interval[0:01:00], next run at: 2026-05-15 21:55:26 -03)" executed successfully
2026-05-15 21:55:26,991 [INFO] Running job "polling_job (trigger: interval[0:01:00], next run at: 2026-05-15 21:56:26 -03)" (scheduled at 2026-05-15 21:55:26.987490-03:00)
2026-05-15 21:55:26,992 [INFO] [JOB] Iniciando polling — 2026-05-15T21:55:26.992164
2026-05-15 21:55:28,826 [INFO] [JOB] Concluído em 1.83s — total=86 new=0 status_changed=0 duplicate=86 | fila=298
2026-05-15 21:55:28,827 [INFO] Job "polling_job (trigger: interval[0:01:00], next run at: 2026-05-15 21:56:26 -03)" executed successfully
2026-05-15 21:56:26,992 [INFO] Running job "polling_job (trigger: interval[0:01:00], next run at: 2026-05-15 21:57:26 -03)" (scheduled at 2026-05-15 21:56:26.987490-03:00)
2026-05-15 21:56:26,992 [INFO] [JOB] Iniciando polling — 2026-05-15T21:56:26.992349
2026-05-15 21:56:28,810 [INFO] [ENQUEUE] reason=new alarmeId=4180278 dispositivo=BTA 2E - C.F. CONG. AÇOUGUE loja=Danilenko
2026-05-15 21:56:28,810 [INFO] [JOB] Concluído em 1.82s — total=87 new=1 status_changed=0 duplicate=86 | fila=299
2026-05-15 21:56:28,811 [INFO] Job "polling_job (trigger: interval[0:01:00], next run at: 2026-05-15 21:57:26 -03)" executed successfully
2026-05-15 21:57:26,992 [INFO] Running job "polling_job (trigger: interval[0:01:00], next run at: 2026-05-15 21:58:26 -03)" (scheduled at 2026-05-15 21:57:26.987490-03:00)
2026-05-15 21:57:26,992 [INFO] [JOB] Iniciando polling — 2026-05-15T21:57:26.992248
2026-05-15 21:57:28,921 [INFO] [ENQUEUE] reason=status_changed alarmeId=4179505 dispositivo=RACK MTB loja=Parque Verde
2026-05-15 21:57:28,921 [INFO] [ENQUEUE] reason=status_changed alarmeId=4179506 dispositivo=RACK MTB loja=Parque Verde
2026-05-15 21:57:28,921 [INFO] [ENQUEUE] reason=status_changed alarmeId=4179507 dispositivo=RACK MTB loja=Parque Verde
2026-05-15 21:57:28,921 [INFO] [ENQUEUE] reason=status_changed alarmeId=4179516 dispositivo=BTA 1Gb - EXP. CONGELADOS (VHY-18) loja=Parque Verde
2026-05-15 21:57:28,921 [INFO] [ENQUEUE] reason=status_changed alarmeId=4180220 dispositivo=BTA 1Eb - EXP. CONGELADOS (VHY-18) loja=Parque Verde
2026-05-15 21:57:28,921 [INFO] [ENQUEUE] reason=status_changed alarmeId=4180219 dispositivo=BTA 1Ec - EXP. CONGELADOS (VHY-18) loja=Parque Verde
2026-05-15 21:57:28,922 [INFO] [JOB] Concluído em 1.93s — total=87 new=0 status_changed=6 duplicate=81 | fila=305
2026-05-15 21:57:28,922 [INFO] Job "polling_job (trigger: interval[0:01:00], next run at: 2026-05-15 21:58:26 -03)" executed successfully
2026-05-15 21:58:26,994 [INFO] Running job "polling_job (trigger: interval[0:01:00], next run at: 2026-05-15 21:59:26 -03)" (scheduled at 2026-05-15 21:58:26.987490-03:00)
2026-05-15 21:58:26,994 [INFO] [JOB] Iniciando polling — 2026-05-15T21:58:26.994822
2026-05-15 21:58:28,802 [INFO] [JOB] Concluído em 1.81s — total=86 new=0 status_changed=0 duplicate=86 | fila=305
2026-05-15 21:58:28,802 [INFO] Job "polling_job (trigger: interval[0:01:00], next run at: 2026-05-15 21:59:26 -03)" executed successfully
2026-05-15 21:59:26,992 [INFO] Running job "polling_job (trigger: interval[0:01:00], next run at: 2026-05-15 22:00:26 -03)" (scheduled at 2026-05-15 21:59:26.987490-03:00)
2026-05-15 21:59:26,993 [INFO] [JOB] Iniciando polling — 2026-05-15T21:59:26.993190
2026-05-15 21:59:28,818 [INFO] [ENQUEUE] reason=status_changed alarmeId=4180140 dispositivo=MTA-2A C.F. RESFRIADOS (1) loja=CD Santa Lucia
2026-05-15 21:59:28,818 [INFO] [JOB] Concluído em 1.83s — total=84 new=0 status_changed=1 duplicate=83 | fila=306
2026-05-15 21:59:28,819 [INFO] Job "polling_job (trigger: interval[0:01:00], next run at: 2026-05-15 22:00:26 -03)" executed successfully
2026-05-15 22:00:26,991 [INFO] Running job "polling_job (trigger: interval[0:01:00], next run at: 2026-05-15 22:01:26 -03)" (scheduled at 2026-05-15 22:00:26.987490-03:00)
2026-05-15 22:00:26,991 [INFO] [JOB] Iniciando polling — 2026-05-15T22:00:26.991275
2026-05-15 22:00:28,938 [INFO] [ENQUEUE] reason=status_changed alarmeId=4180139 dispositivo=MTA-3A C.F. RESFRIADOS (2) loja=CD Santa Lucia
2026-05-15 22:00:28,939 [INFO] [ENQUEUE] reason=status_changed alarmeId=4180135 dispositivo=BTA-4A C.F. CONGELADOS (B) loja=CD Santa Lucia
2026-05-15 22:00:28,939 [INFO] [ENQUEUE] reason=status_changed alarmeId=4180137 dispositivo=MTA-4A C.F. AVARIAS loja=CD Santa Lucia
2026-05-15 22:00:28,939 [INFO] [ENQUEUE] reason=status_changed alarmeId=4180133 dispositivo=BTA-3A C.F. CONGELADOS (B) loja=CD Santa Lucia
2026-05-15 22:00:28,939 [INFO] [JOB] Concluído em 1.95s — total=84 new=0 status_changed=4 duplicate=80 | fila=310
2026-05-15 22:00:28,939 [INFO] Job "polling_job (trigger: interval[0:01:00], next run at: 2026-05-15 22:01:26 -03)" executed successfully
2026-05-15 22:01:26,989 [INFO] Running job "polling_job (trigger: interval[0:01:00], next run at: 2026-05-15 22:02:26 -03)" (scheduled at 2026-05-15 22:01:26.987490-03:00)
2026-05-15 22:01:26,989 [INFO] [JOB] Iniciando polling — 2026-05-15T22:01:26.989353
2026-05-15 22:01:28,843 [INFO] [ENQUEUE] reason=status_changed alarmeId=4180142 dispositivo=BTA-1A C.F. CONGELADOS (A) loja=CD Santa Lucia
2026-05-15 22:01:28,843 [INFO] [ENQUEUE] reason=status_changed alarmeId=4180141 dispositivo=BTA-2A C.F. CONGELADOS (A) loja=CD Santa Lucia
2026-05-15 22:01:28,843 [INFO] [JOB] Concluído em 1.85s — total=84 new=0 status_changed=2 duplicate=82 | fila=312
2026-05-15 22:01:28,843 [INFO] Job "polling_job (trigger: interval[0:01:00], next run at: 2026-05-15 22:02:26 -03)" executed successfully
2026-05-15 22:02:26,994 [INFO] Running job "polling_job (trigger: interval[0:01:00], next run at: 2026-05-15 22:03:26 -03)" (scheduled at 2026-05-15 22:02:26.987490-03:00)
2026-05-15 22:02:26,994 [INFO] [JOB] Iniciando polling — 2026-05-15T22:02:26.994900
2026-05-15 22:02:28,861 [INFO] [JOB] Concluído em 1.87s — total=84 new=0 status_changed=0 duplicate=84 | fila=312
2026-05-15 22:02:28,861 [INFO] Job "polling_job (trigger: interval[0:01:00], next run at: 2026-05-15 22:03:26 -03)" executed successfully
2026-05-15 22:03:27,006 [INFO] Running job "polling_job (trigger: interval[0:01:00], next run at: 2026-05-15 22:04:26 -03)" (scheduled at 2026-05-15 22:03:26.987490-03:00)
2026-05-15 22:03:27,007 [INFO] [JOB] Iniciando polling — 2026-05-15T22:03:27.007157
2026-05-15 22:03:28,820 [INFO] [ENQUEUE] reason=status_changed alarmeId=4180149 dispositivo=Ilha - ICF 3 loja=Piraquara
2026-05-15 22:03:28,820 [INFO] [JOB] Concluído em 1.81s — total=84 new=0 status_changed=1 duplicate=83 | fila=313
2026-05-15 22:03:28,820 [INFO] Job "polling_job (trigger: interval[0:01:00], next run at: 2026-05-15 22:04:26 -03)" executed successfully
2026-05-15 22:04:27,006 [INFO] Running job "polling_job (trigger: interval[0:01:00], next run at: 2026-05-15 22:05:26 -03)" (scheduled at 2026-05-15 22:04:26.987490-03:00)
2026-05-15 22:04:27,006 [INFO] [JOB] Iniciando polling — 2026-05-15T22:04:27.006317
2026-05-15 22:04:28,818 [INFO] [JOB] Concluído em 1.81s — total=84 new=0 status_changed=0 duplicate=84 | fila=313
2026-05-15 22:04:28,818 [INFO] Job "polling_job (trigger: interval[0:01:00], next run at: 2026-05-15 22:05:26 -03)" executed successfully
2026-05-15 22:05:26,990 [INFO] Running job "polling_job (trigger: interval[0:01:00], next run at: 2026-05-15 22:06:26 -03)" (scheduled at 2026-05-15 22:05:26.987490-03:00)
2026-05-15 22:05:26,990 [INFO] [JOB] Iniciando polling — 2026-05-15T22:05:26.990254
2026-05-15 22:05:28,810 [INFO] [JOB] Concluído em 1.82s — total=84 new=0 status_changed=0 duplicate=84 | fila=313
2026-05-15 22:05:28,810 [INFO] Job "polling_job (trigger: interval[0:01:00], next run at: 2026-05-15 22:06:26 -03)" executed successfully
2026-05-15 22:06:27,005 [INFO] Running job "polling_job (trigger: interval[0:01:00], next run at: 2026-05-15 22:07:26 -03)" (scheduled at 2026-05-15 22:06:26.987490-03:00)
2026-05-15 22:06:27,005 [INFO] [JOB] Iniciando polling — 2026-05-15T22:06:27.005295
2026-05-15 22:06:28,834 [INFO] [JOB] Concluído em 1.83s — total=82 new=0 status_changed=0 duplicate=82 | fila=313
2026-05-15 22:06:28,834 [INFO] Job "polling_job (trigger: interval[0:01:00], next run at: 2026-05-15 22:07:26 -03)" executed successfully
2026-05-15 22:07:27,003 [INFO] Running job "polling_job (trigger: interval[0:01:00], next run at: 2026-05-15 22:08:26 -03)" (scheduled at 2026-05-15 22:07:26.987490-03:00)
2026-05-15 22:07:27,004 [INFO] [JOB] Iniciando polling — 2026-05-15T22:07:27.004096
2026-05-15 22:07:28,834 [INFO] [JOB] Concluído em 1.83s — total=81 new=0 status_changed=0 duplicate=81 | fila=313
2026-05-15 22:07:28,835 [INFO] Job "polling_job (trigger: interval[0:01:00], next run at: 2026-05-15 22:08:26 -03)" executed successfully
2026-05-15 22:08:27,003 [INFO] Running job "polling_job (trigger: interval[0:01:00], next run at: 2026-05-15 22:09:26 -03)" (scheduled at 2026-05-15 22:08:26.987490-03:00)
2026-05-15 22:08:27,003 [INFO] [JOB] Iniciando polling — 2026-05-15T22:08:27.003280
2026-05-15 22:08:28,833 [INFO] [ENQUEUE] reason=new alarmeId=4180306 dispositivo=ILHA SELF 16 loja=Atacado Cotripal
2026-05-15 22:08:28,834 [INFO] [JOB] Concluído em 1.83s — total=80 new=1 status_changed=0 duplicate=79 | fila=314
2026-05-15 22:08:28,834 [INFO] Job "polling_job (trigger: interval[0:01:00], next run at: 2026-05-15 22:09:26 -03)" executed successfully
2026-05-15 22:09:27,002 [INFO] Running job "polling_job (trigger: interval[0:01:00], next run at: 2026-05-15 22:10:26 -03)" (scheduled at 2026-05-15 22:09:26.987490-03:00)
2026-05-15 22:09:27,002 [INFO] [JOB] Iniciando polling — 2026-05-15T22:09:27.002429
2026-05-15 22:09:28,793 [INFO] [ENQUEUE] reason=new alarmeId=4180310 dispositivo=11 - MTA-1Ib - EXP. HORTI-FRUTI loja=Afonso Pena 
2026-05-15 22:09:28,794 [INFO] [JOB] Concluído em 1.79s — total=79 new=1 status_changed=0 duplicate=78 | fila=315
2026-05-15 22:09:28,794 [INFO] Job "polling_job (trigger: interval[0:01:00], next run at: 2026-05-15 22:10:26 -03)" executed successfully
2026-05-15 22:10:26,994 [INFO] Running job "polling_job (trigger: interval[0:01:00], next run at: 2026-05-15 22:11:26 -03)" (scheduled at 2026-05-15 22:10:26.987490-03:00)
2026-05-15 22:10:26,994 [INFO] [JOB] Iniciando polling — 2026-05-15T22:10:26.994904
2026-05-15 22:10:28,928 [INFO] [ENQUEUE] reason=new alarmeId=4180312 dispositivo=BTA-1B - STEP IN loja=Fort 290 - Biguaçu - SCS
2026-05-15 22:10:28,929 [INFO] [JOB] Concluído em 1.93s — total=79 new=1 status_changed=0 duplicate=78 | fila=316
2026-05-15 22:10:28,929 [INFO] Job "polling_job (trigger: interval[0:01:00], next run at: 2026-05-15 22:11:26 -03)" executed successfully
2026-05-15 22:11:27,004 [INFO] Running job "polling_job (trigger: interval[0:01:00], next run at: 2026-05-15 22:12:26 -03)" (scheduled at 2026-05-15 22:11:26.987490-03:00)
2026-05-15 22:11:27,004 [INFO] [JOB] Iniciando polling — 2026-05-15T22:11:27.004694
2026-05-15 22:11:28,795 [INFO] [JOB] Concluído em 1.79s — total=78 new=0 status_changed=0 duplicate=78 | fila=316
2026-05-15 22:11:28,795 [INFO] Job "polling_job (trigger: interval[0:01:00], next run at: 2026-05-15 22:12:26 -03)" executed successfully
2026-05-15 22:12:26,992 [INFO] Running job "polling_job (trigger: interval[0:01:00], next run at: 2026-05-15 22:13:26 -03)" (scheduled at 2026-05-15 22:12:26.987490-03:00)
2026-05-15 22:12:26,992 [INFO] [JOB] Iniciando polling — 2026-05-15T22:12:26.992290
2026-05-15 22:12:28,815 [INFO] [ENQUEUE] reason=new alarmeId=4180318 dispositivo=MTA 2F - C.F. CARNES loja=IMIGRANTES ( PORTO VELHO - RO )
2026-05-15 22:12:28,815 [INFO] [JOB] Concluído em 1.82s — total=79 new=1 status_changed=0 duplicate=78 | fila=317
2026-05-15 22:12:28,815 [INFO] Job "polling_job (trigger: interval[0:01:00], next run at: 2026-05-15 22:13:26 -03)" executed successfully
2026-05-15 22:13:26,997 [INFO] Running job "polling_job (trigger: interval[0:01:00], next run at: 2026-05-15 22:14:26 -03)" (scheduled at 2026-05-15 22:13:26.987490-03:00)
2026-05-15 22:13:26,997 [INFO] [JOB] Iniciando polling — 2026-05-15T22:13:26.997890
2026-05-15 22:13:28,809 [INFO] [JOB] Concluído em 1.81s — total=79 new=0 status_changed=0 duplicate=79 | fila=317
2026-05-15 22:13:28,809 [INFO] Job "polling_job (trigger: interval[0:01:00], next run at: 2026-05-15 22:14:26 -03)" executed successfully
2026-05-15 22:14:27,008 [INFO] Running job "polling_job (trigger: interval[0:01:00], next run at: 2026-05-15 22:15:26 -03)" (scheduled at 2026-05-15 22:14:26.987490-03:00)
2026-05-15 22:14:27,009 [INFO] [JOB] Iniciando polling — 2026-05-15T22:14:27.009122
2026-05-15 22:14:28,861 [INFO] [JOB] Concluído em 1.85s — total=77 new=0 status_changed=0 duplicate=77 | fila=317
2026-05-15 22:14:28,861 [INFO] Job "polling_job (trigger: interval[0:01:00], next run at: 2026-05-15 22:15:26 -03)" executed successfully
2026-05-15 22:15:27,007 [INFO] Running job "polling_job (trigger: interval[0:01:00], next run at: 2026-05-15 22:16:26 -03)" (scheduled at 2026-05-15 22:15:26.987490-03:00)
2026-05-15 22:15:27,007 [INFO] [JOB] Iniciando polling — 2026-05-15T22:15:27.007983
2026-05-15 22:15:28,841 [INFO] [JOB] Concluído em 1.83s — total=77 new=0 status_changed=0 duplicate=77 | fila=317
2026-05-15 22:15:28,841 [INFO] Job "polling_job (trigger: interval[0:01:00], next run at: 2026-05-15 22:16:26 -03)" executed successfully
2026-05-15 22:16:26,987 [INFO] Running job "polling_job (trigger: interval[0:01:00], next run at: 2026-05-15 22:17:26 -03)" (scheduled at 2026-05-15 22:16:26.987490-03:00)
2026-05-15 22:16:26,988 [INFO] [JOB] Iniciando polling — 2026-05-15T22:16:26.988192
2026-05-15 22:16:28,842 [INFO] [ENQUEUE] reason=new alarmeId=4180329 dispositivo=RA-4A Câmara Suco Pronto loja=CD
2026-05-15 22:16:28,842 [INFO] [JOB] Concluído em 1.85s — total=78 new=1 status_changed=0 duplicate=77 | fila=318
2026-05-15 22:16:28,843 [INFO] Job "polling_job (trigger: interval[0:01:00], next run at: 2026-05-15 22:17:26 -03)" executed successfully
2026-05-15 22:17:27,002 [INFO] Running job "polling_job (trigger: interval[0:01:00], next run at: 2026-05-15 22:18:26 -03)" (scheduled at 2026-05-15 22:17:26.987490-03:00)
2026-05-15 22:17:27,002 [INFO] [JOB] Iniciando polling — 2026-05-15T22:17:27.002273
2026-05-15 22:17:28,839 [INFO] [JOB] Concluído em 1.84s — total=77 new=0 status_changed=0 duplicate=77 | fila=318
2026-05-15 22:17:28,839 [INFO] Job "polling_job (trigger: interval[0:01:00], next run at: 2026-05-15 22:18:26 -03)" executed successfully
2026-05-15 22:18:26,999 [INFO] Running job "polling_job (trigger: interval[0:01:00], next run at: 2026-05-15 22:19:26 -03)" (scheduled at 2026-05-15 22:18:26.987490-03:00)
2026-05-15 22:18:26,999 [INFO] [JOB] Iniciando polling — 2026-05-15T22:18:26.999946
2026-05-15 22:18:28,860 [INFO] [ENQUEUE] reason=new alarmeId=4180333 dispositivo=UC MTC loja=Meta 21 SM- Loja Calama
2026-05-15 22:18:28,860 [INFO] [JOB] Concluído em 1.86s — total=78 new=1 status_changed=0 duplicate=77 | fila=319
2026-05-15 22:18:28,861 [INFO] Job "polling_job (trigger: interval[0:01:00], next run at: 2026-05-15 22:19:26 -03)" executed successfully
2026-05-15 22:19:26,998 [INFO] Running job "polling_job (trigger: interval[0:01:00], next run at: 2026-05-15 22:20:26 -03)" (scheduled at 2026-05-15 22:19:26.987490-03:00)
2026-05-15 22:19:26,999 [INFO] [JOB] Iniciando polling — 2026-05-15T22:19:26.999207
2026-05-15 22:19:28,817 [INFO] [ENQUEUE] reason=new alarmeId=4180337 dispositivo=MTA-4La - EXP. A.S. SUCOS loja=Loja Monte Alto
2026-05-15 22:19:28,818 [INFO] [JOB] Concluído em 1.82s — total=79 new=1 status_changed=0 duplicate=78 | fila=320
2026-05-15 22:19:28,818 [INFO] Job "polling_job (trigger: interval[0:01:00], next run at: 2026-05-15 22:20:26 -03)" executed successfully
2026-05-15 22:20:26,991 [INFO] Running job "polling_job (trigger: interval[0:01:00], next run at: 2026-05-15 22:21:26 -03)" (scheduled at 2026-05-15 22:20:26.987490-03:00)
2026-05-15 22:20:26,992 [INFO] [JOB] Iniciando polling — 2026-05-15T22:20:26.992222
2026-05-15 22:20:28,935 [INFO] [JOB] Concluído em 1.94s — total=78 new=0 status_changed=0 duplicate=78 | fila=320
2026-05-15 22:20:28,935 [INFO] Job "polling_job (trigger: interval[0:01:00], next run at: 2026-05-15 22:21:26 -03)" executed successfully
2026-05-15 22:21:26,989 [INFO] Running job "polling_job (trigger: interval[0:01:00], next run at: 2026-05-15 22:22:26 -03)" (scheduled at 2026-05-15 22:21:26.987490-03:00)
2026-05-15 22:21:26,989 [INFO] [JOB] Iniciando polling — 2026-05-15T22:21:26.989490
2026-05-15 22:21:28,793 [INFO] [JOB] Concluído em 1.80s — total=78 new=0 status_changed=0 duplicate=78 | fila=320
2026-05-15 22:21:28,793 [INFO] Job "polling_job (trigger: interval[0:01:00], next run at: 2026-05-15 22:22:26 -03)" executed successfully
2026-05-15 22:22:26,995 [INFO] Running job "polling_job (trigger: interval[0:01:00], next run at: 2026-05-15 22:23:26 -03)" (scheduled at 2026-05-15 22:22:26.987490-03:00)
2026-05-15 22:22:26,996 [INFO] [JOB] Iniciando polling — 2026-05-15T22:22:26.996201
2026-05-15 22:22:28,815 [INFO] [JOB] Concluído em 1.82s — total=78 new=0 status_changed=0 duplicate=78 | fila=320
2026-05-15 22:22:28,815 [INFO] Job "polling_job (trigger: interval[0:01:00], next run at: 2026-05-15 22:23:26 -03)" executed successfully
2026-05-15 22:23:26,988 [INFO] Running job "polling_job (trigger: interval[0:01:00], next run at: 2026-05-15 22:24:26 -03)" (scheduled at 2026-05-15 22:23:26.987490-03:00)
2026-05-15 22:23:26,988 [INFO] [JOB] Iniciando polling — 2026-05-15T22:23:26.988458
2026-05-15 22:23:28,814 [INFO] [JOB] Concluído em 1.83s — total=78 new=0 status_changed=0 duplicate=78 | fila=320
2026-05-15 22:23:28,814 [INFO] Job "polling_job (trigger: interval[0:01:00], next run at: 2026-05-15 22:24:26 -03)" executed successfully
2026-05-15 22:24:26,990 [INFO] Running job "polling_job (trigger: interval[0:01:00], next run at: 2026-05-15 22:25:26 -03)" (scheduled at 2026-05-15 22:24:26.987490-03:00)
2026-05-15 22:24:26,990 [INFO] [JOB] Iniciando polling — 2026-05-15T22:24:26.990302
2026-05-15 22:24:28,789 [INFO] [ENQUEUE] reason=new alarmeId=4180341 dispositivo=MTA-1A C.F. RESFRIADOS (1) loja=CD Santa Lucia
2026-05-15 22:24:28,789 [INFO] [JOB] Concluído em 1.80s — total=79 new=1 status_changed=0 duplicate=78 | fila=321
2026-05-15 22:24:28,790 [INFO] Job "polling_job (trigger: interval[0:01:00], next run at: 2026-05-15 22:25:26 -03)" executed successfully
2026-05-15 22:25:27,000 [INFO] Running job "polling_job (trigger: interval[0:01:00], next run at: 2026-05-15 22:26:26 -03)" (scheduled at 2026-05-15 22:25:26.987490-03:00)
2026-05-15 22:25:27,000 [INFO] [JOB] Iniciando polling — 2026-05-15T22:25:27.000710
2026-05-15 22:25:29,038 [INFO] [JOB] Concluído em 2.04s — total=79 new=0 status_changed=0 duplicate=79 | fila=321
2026-05-15 22:25:29,038 [INFO] Job "polling_job (trigger: interval[0:01:00], next run at: 2026-05-15 22:26:26 -03)" executed successfully
